date,game,genre,review_id,rating,review_text,category,sentiment,summary,keywords,priority
2026-02-23,lineage_m,MMORPG,bc5eb3db-5dcf-4d95-a66a-8793492b22d8,4,생각해보니 12세용 게임이 나오고 그러다 보니 뇌신은 밸런스 조절으로서 12세에게 쉬운 그런 케릭인듯 합니다.,밸런스,긍정,게임은 12세용 게임이 나오고 밸런스 조절로 인해 12세에게 쉽다는 생각이 든다.,"밸런스, 12세, 케릭터",2
2026-01-23,lineage_m,MMORPG,85950e4d-f5d9-403a-99eb-c65e70d00e9b,5,너무 재미있어요^^,BM,긍정,게임이 재미있다.,"재미, 게임",1
2026-01-23,lineage_m,MMORPG,f5e6045d-2e17-4536-a847-33e6e30c4520,5,good,BM,긍정,게임이 좋다.,"게임, 좋음",1
2025-12-26,lineage_m,MMORPG,e8fa0321-921b-4202-9425-5762fd9f6109,1,변신,BM,부정,게임과 관련된 단어 또는 문맥이 부족하다.,,1
2025-12-09,lineage_m,MMORPG,ca88b879-e52a-40ce-841a-6c9e8ccb8a07,3,돈없으면 하지마라,강화,부정,돈이 없으면 게임을 할 수 없다.,"돈, 게임",3
2026-02-23,browndust2,전략RPG,459f2640-3fba-46bf-9e37-8363ff5f0035,5,굿,BM,긍정,게임이 좋다.,"게임, 좋음",1
2026-02-22,browndust2,전략RPG,3ea3aa95-3d45-46c6-bee8-5827fb7395a7,5,새로운 팩 연결 시 자꾸 팅기는 현상이 발생합니다. 게임을 하지를 못하네요. 램이 딸리는 것도 아니고 게임 자체 오류인듯 한데 고쳐주세요.,서버,부정,팩 연결 시 자꾸 팅기는 현상이 발생한다.,"팩, 팅김, 서버",5
2026-02-22,browndust2,전략RPG,9453a01e-9e18-4bb0-9384-bed357018074,5,그냥 재밌어요 턴제를 원레 안하지만 이건 재밌네요,BM,긍정,턴제 게임이 재미있다.,"턴제, 게임, 재미",2
2026-02-22,browndust2,전략RPG,4ef3219a-4bb0-4e91-9712-f9185a23cd0d,1,네오위즈도 이제 그냥 그런 5류 게임회사가 됐네 인디게임보다 못한 그저그런 게임 뽑아내는 그저그런 한물간 시대의 과거의 영광만 보는 그런 아류들 앞으로 네오위즈 게임도 할 일 없겠다 소리소문 없이 섭종 파산해서 사라진 회사들중 하나가 될듯,운영,부정,게임 회사가 인디 게임보다 못하다는 생각이다.,"게임, 회사, 인디",4
2026-02-21,browndust2,전략RPG,32d022f0-aec5-41fd-9939-ed7eda76cb19,1,"낚시 입장 튕김 버그, 황금 투기장 튕김 버그 때문에 게임을 할 수가 없다. 황금 투기장 때문에 들어가자마자 바로 튕겨서 보상도 못 받는다.",서버,부정,낚시 입장 튕김 버그와 황금 투기장 튕김 버그로 인해 게임을 할 수 없다.,"버그, 튕김, 서버",5
2025-11-28,lineage_m,MMORPG,d7d1f67e-c141-4111-8637-6a3494a0e0e3,1,결재를 했는데 다이야가 안들어와요,서버,부정,결제를 해도 다이아가 들어오지 않는다.,"결제, 다이아",5
2025-11-13,lineage_m,MMORPG,77383a63-36de-4521-8f21-9bff4c7b8ad3,5,추억의 게임 그 당시 중딩때 6검을 3만원에 샀다가 사기 당한 기억을 잊을 수 가 없네요 ㅋㅋㅋ,BM,긍정,추억의 게임이다.,"추억, 게임",1
2025-11-02,lineage_m,MMORPG,4aa8437d-7958-405c-a730-46cb57a21e08,1,거래소 이용이 안되는데 왜 그런가요?,서버,부정,거래소 이용이 안된다.,"거래소, 이용",5
2025-11-01,lineage_m,MMORPG,a6cb301c-a0f2-402b-81d2-38e083ec0262,1,접속안된다,서버,부정,게임 접속이 안된다.,"접속, 안됨",5
2025-10-16,lineage_m,MMORPG,068425a4-6bc7-49ac-9d09-509b064d6875,5,널딘트,BM,긍정,좋은 게임이다.,"게임, 좋음",1
2025-10-01,lineage_m,MMORPG,40985393-4650-4f17-8359-a13b51a778ef,1,그냥저냥 지금까지 키운게있어서 그냥 하는중 업데이트 할때는 혈압이 맣이 상승하니 고혈압 있으신분은 게임 자중하시고요 이거 쓰면서 동영상 찍고잇음 수고욤,서버,부정,현재 게임의 업데이트로 인해 서버 문제가 발생하여 혈압이 상승했다. 고혈압 환자는 chơi해야 한다.,"서버, 업데이트, 혈압",4
2025-09-17,lineage_m,MMORPG,e4fbede3-f309-4e6f-b490-9373eb838daf,5,중독성 쩔어서 재미보단 자주 하게 되네오,BM,긍정,게임의 중독성이 너무强하여 자주하게 된다.,"중독성, 재미",2
2025-09-01,lineage_m,MMORPG,ca40e50d-ca03-4745-8df1-0344bda786fb,5,재미있네요근데 가끔지루해요,BM,긍정,게임이 재미_exists지만 가끔 지루하다.,"재미, 지루",2
2025-05-03,lineage_m,MMORPG,0a2d07da-b795-4c3a-8ae7-17b99a0197b4,1,캐릭터 생성이 제한된 상태입니다 라고 로그인 드고 접이 안돼는데 어케 하는지요?,서버,부정,キャラク터 생성이 제한되어 로그인이 되지 않는다.,"캐릭터, 로그인",5
2025-03-23,lineage_m,MMORPG,c96d984b-7b7d-4d37-b46f-aed5a2684289,1,하지마라 인생나락고속도로타기싫으면,운영,부정,게임을 하면 인생이 망할 수 있다.,"인생, 망한다",5
2025-03-19,lineage_m,MMORPG,59a2d449-49d2-46d4-915e-2954ecafbc9f,1,정선 뺨다구 치는 사행성 게임...,강화,부정,정선이 터지는 사행성 게임이다.,"정선, 사행성",5
2025-03-05,lineage_m,MMORPG,4a0c262a-7fea-49c0-9c21-38838eb17ab5,1,다운이 안된다구요.. 자꾸 인터넷연결하라고만 뜨는데 문의해도 답도없고,서버,부정,다운로드가 되지 않아 인터넷 연결 오류가 나타난다.,"다운로드, 오류",5
2025-02-08,lineage_m,MMORPG,f42555ab-26a2-4ebb-8aff-587a3276eaa7,1,니넨 이걸 뭐라고 12세를 내니,운영,부정,12세 이용가 게임이 맞는지 의문이다.,"이용가, 12세",4
2024-12-27,lineage_m,MMORPG,4634f736-e154-4d18-aee9-4e533b8e24e6,1,돈이 왜 되는걸까?,강화,부정,돈이 되는 gameId가 맞는지 의문이다.,"돈, 게임",4
2024-12-18,lineage_m,MMORPG,2843b3da-2a1d-4e0b-a2dd-36e2e9b7c479,5,아 요세 뜨는것도없고 다실패 ㅜㅜ 노란변신 함주세요 다다음주에ㅜ,BM,중립,요즘 뜨는 아이템이 없다. 노란색 변신을 해주면 좋겠다.,"뜨는, 아이템, 노란색",3
2024-11-14,lineage_m,MMORPG,fe16c491-c660-401a-b1fb-a62ab86830b7,1,"유저을 호구로보는N,C 쳐다보지도맙시다 망해라",서버,부정,"유저를 호구로 보는 개발사에 대한 비판, 게임의 서버 상태에 대한 불만","서버, 개발사, 호구",5
2024-11-05,lineage_m,MMORPG,21e3c0d9-2513-4b65-afb1-df4fc86e9715,3,So so,밸런스,중립,"중립적인 리뷰, 게임에 대한 평범한 평가","중립, 평범",1
2024-11-05,lineage_m,MMORPG,c0de568a-153b-4298-b882-726e6ca8d288,1,쌍욕을 해도 모자라는것들아 지금시대가 어떤시대인데 대기가 2~3시간이냐 아오.... 대기타다 한번이라도 연결 끊기면 하루종일 접속못하고.... 이럴꺼면 내가 쓴돈 환불해줘 거지같은 게임 다시는 안쳐다볼테니까,서버,부정,"게임의 대기 시간과 연결 끊김에 대한 불만, 거지 같은 게임이라는 비판","서버, 대기 시간, 연결 끊김",5
2024-10-18,lineage_m,MMORPG,9fa9fa33-d11a-41ac-aada-c3f1e91f2a17,1,첫출시부터한 유저이고 현재는 캐릭방치하면 겜하고 있습니다 절대 이게임하지마세요 돈을 쓸려면 천단위부터이고 서비스는 개판입니다 답변은 항상이래요 안녕하세요 호갱님 해드릴수 없습니다 이래요 오죽하면 트럭시위할까요 주식이 폭삭망해야 합니다,운영,부정,"게임의 운영과 서비스에 대한 불만, 개발사의 답변에 대한 비판","운영, 서비스, 개발사",5
2024-10-08,lineage_m,MMORPG,a7f70b4f-872f-436f-b818-4b3317c7d9aa,5,거래소가 없고 그자리에 캐릭정보가 있어요 버전이 1.8.92에요 끝에 a가 없는데 어찌해야 하나요,BM,중립,"거래가 불가능한 게임, 캐릭터 정보에 대한 질문","거래, 캐릭터 정보",2
2024-08-23,lineage_m,MMORPG,17c8d0f5-b2e0-49de-a9fa-907088dad415,5,재미았네요,밸런스,긍정,재미있는 게임,"재미, 게임",1
2024-08-16,lineage_m,MMORPG,65ff0b71-c636-49f3-b449-132c5c2f6fa1,5,재밌어요,밸런스,긍정,재밌는 게임,"재밌음, 게임",1
2024-08-07,lineage_m,MMORPG,29e96472-d654-4c52-a568-600240a97efd,5,안녕하십니까,BM,중립,인사말,인사,1
2024-08-01,lineage_m,MMORPG,0f6ed219-37fc-4ca2-8327-9f18fefdd62d,1,도박 조작 게임,강화,부정,도박과 조작 게임,"도박, 조작",5
2024-07-28,lineage_m,MMORPG,f0559996-9f47-4680-8f12-43a82d570aee,5,Good,밸런스,긍정,好的 게임,"좋음, 게임",1
2024-07-26,lineage_m,MMORPG,5391c5f3-5eb3-417c-8205-fb30060d6aff,5,신화업 신변주세요 엔씨업,강화,긍정,신화 업데이트에 대한 긍정적인 리뷰입니다. 개발사의 업데이트를 환영하는 리뷰입니다.,"신화, 업데이트",3
2024-07-10,lineage_m,MMORPG,08f4c5dc-22d2-4e29-8cb4-471341012112,1,광고많이나옴근대쪼금재밌음,BM,부정,광고가 많아 게임을 즐기기 힘든 리뷰입니다. 광고의 양이 많아 게임의 재미를 못 느끼는 리뷰입니다.,"광고, 게임",4
2024-07-03,lineage_m,MMORPG,ac64ce61-ecd4-47db-9191-82020e0810ef,3,So so,운영,중립,게임에 대한 중립적인 리뷰입니다. 특별한 의견이 없는 리뷰입니다.,"게임, 중립",1
2024-07-02,lineage_m,MMORPG,c05977fd-ffa1-4640-b660-20ede5d4d35d,1,지금 패치 이후로 계속 튕기자나요,서버,부정,서버 접속 문제에 대한 리뷰입니다. 계속해서 튕기는 문제로 게임을 할 수 없는 리뷰입니다.,"서버, 튕김",5
2024-07-02,lineage_m,MMORPG,50422d7a-eed8-4b59-93ae-afa5d97f028a,2,두번삭제 하고 다시 설치해도 거래소가 안뜨는지 유져 거래소창이안깔려,서버,부정,거래소 기능이 안 되는 문제에 대한 리뷰입니다. 삭제하고 다시 설치해도 거래소가 안 뜨는 문제로 게임을 즐길 수 없는 리뷰입니다.,"거래소, 오류",5
2024-06-30,lineage_m,MMORPG,312c0a28-c47b-4d82-ba32-f718828a934a,3,거래소이용이 갑자기 폭주로인하여 검색이불가능으로 오류가떠요 저만그러더라구요 어디에 문의할줄을몰라서..ㅠㅠ,서버,중립,거래소 검색 문제에 대한 리뷰입니다. 검색이 불가능한 오류로 게임을 즐기기 힘든 리뷰입니다.,"거래소, 검색",4
2024-06-23,lineage_m,MMORPG,8fa149a8-8719-43e0-bc5c-9b684c75555d,4,초심이란말이 생각나네유~~,밸런스,긍정,게임의 밸런스에 대한 긍정적인 리뷰입니다. 게임의 초심을 회복한 것 같다는 리뷰입니다.,"밸런스, 초심",2
2024-06-21,lineage_m,MMORPG,77a925f3-4c8f-4168-9038-d2d1efe604ca,1,장난하셔! 신썹에 쿠포줘서 가보니 케릭터 생성 제한이라도 들어가보지도 못하네! 이거 뭐하자는건지! 신구썹 만든다고 선전할때는 언제고... 옛날생각나서 접속했는데 어이 없이 팅김 ㅋㅋ 잘먹고 잘사세요!,서버,부정,신규 서버 접속 문제에 대한 리뷰입니다. 캐릭터 생성 제한으로 게임을 시작할 수 없는 리뷰입니다.,"신규, 서버",5
2024-06-08,lineage_m,MMORPG,d29d6b16-041f-4c3b-92e3-e8465476a368,1,리니지라이크out,운영,부정,게임에 대한 부정적인 리뷰입니다. 리니지라이크 게임이 아님을 강조하는 리뷰입니다.,"리니지, 게임",3
2024-05-30,lineage_m,MMORPG,34696718-8382-4b71-8317-58c681c1c9b1,3,한달정도 됬고 사용은 안했는데 환불되나요?,운영,중립,환불에 대한 вопрос이 있는 리뷰입니다. 게임을 사용하지 않았지만 환불이 가능한지問하는 리뷰입니다.,"환불, 질문",2
2024-05-23,lineage_m,MMORPG,56bc9730-fc17-45f2-a821-80104ac7f87b,3,추억소환,밸런스,중립,게임이 추억을 소환한다는 리뷰입니다.,"추억, 게임",2
2024-05-08,lineage_m,MMORPG,1d98d3ea-8a5b-4eb8-93ca-d18aab12e15e,5,쓸만한데요 파이팅!,운영,긍정,게임이 쓸만하다고 생각합니다.,"게임, 쓸만",1
2024-04-14,lineage_m,MMORPG,84ea5f93-08df-4520-acbd-d33a2e2ba7d5,1,퍼플에서 12세버전 이용 안되는게 말이되나요? 이거는 약관에도 없는 내용인데 너무 불공정한거 아닙니까?,서버,부정,퍼플에서 12세 버전을 이용할 수 없다는 것이 불만입니다.,"퍼플, 12세",5
2024-03-17,lineage_m,MMORPG,771fbd20-d697-4950-974e-b6d8112c480c,4,"참네 이것이 업데이트 인가 아니 그렇게 온 네이트 마다 광고 그림 가리지 않고 올렸던 리니지 이것이 그 본 모습? 웃음이 참네 이걸 두고 핸드폰 과금 에 별 참 어이 없어서 웃음 요즘 한국 게임 너무 중국에 모 딸린다 솔직히 , 그러나 이런 모습 이 있나하면 역시 우리나라 에 리니지가 이끌어 간다 하는 것도 맞는게 아닌가 합니다.우리 리니지 가 여러가지 신경써주셔서 발전을 앞으로 해 주시면 그 역사 는 계속 진행될것입니다.",강화,긍정,업데이트로 게임이 개선되었다고 생각합니다.,"업데이트, 게임",3
2024-03-13,lineage_m,MMORPG,407cb087-ce43-436a-8acc-2122565ca2d5,5,좋아요,BM,긍정,게임이 좋다고 생각합니다.,"게임, 좋음",1
2024-03-02,lineage_m,MMORPG,53855343-437d-451a-b5da-fba02601842c,5,자기 지갑 컨트롤만 잘 한다면 충분하게 즐길수 있는게임!,밸런스,긍정,게임을 즐길 수 있다는 것입니다.,"게임, 즐김",2
2024-02-24,lineage_m,MMORPG,270ec0d3-a89c-4501-8644-b123f225e7d3,5,(이도현),BM,중립,별다른 의견이 없습니다.,,1
2024-02-19,lineage_m,MMORPG,d987990f-53a7-4b41-a320-ed1999b49d97,1,리니지 m하고 리니지m12는 무언가요 건성으로 답하지말고 자세히알려주세요,서버,부정,리니지 m과 리니지m12의 차이를 묻고 있습니다.,"리니지, 차이",4
2024-02-19,lineage_m,MMORPG,d74a84ff-da9c-4d41-9240-ff45ce1e29ad,5,최고 👍,BM,긍정,ゲーム이 최고라고 생각합니다.,"게임, 최고",1
2024-02-08,lineage_m,MMORPG,c32d892c-93b0-4812-8d89-eef942f31a8b,5,컴퓨터로게임을해가지고잼있었는데인자스마트폰으로 즐기니간 재미가두배로 잼있는데요,밸런스,긍정,게임을 즐길 수 있다라고 합니다.,"게임, 즐김",2
2024-01-18,lineage_m,MMORPG,addcf09d-9d1a-4545-98e6-049e57ad5e47,1,돈없으면 하지 못하는게임 돈있으면 엄청 재밌는 겜임. 이게 리니지게임 입니다 돈 없으면 하지마세요.돈 모와서 하세요.돈만 있으면 저것들 다 죽일수 있는데 쩝~,강화,부정," 돈이 없으면 게임을 즐기기 어려우며, 돈이 있으면 재미있는 게임임. 하지만 돈을 많이 써야만 즐길 수 있다는 점이 부정적임.","돈, 리니지, 강화",4
2024-01-10,lineage_m,MMORPG,56285424-e02b-44ae-91a0-0373ecc37cea,5,혹시 거래소 이용이 왜 제한이되는지 알수 있을까요?,서버,중립,거래소 이용이 제한되는 이유를 묻는 리뷰임.,"거래소, 제한",2
2023-12-29,lineage_m,MMORPG,90bc7f4e-e96d-46f7-870a-929ac2cc3521,1,현금결제 안하면 하기힘든게임,밸런스,부정,현금 결제가 않으면 게임을 하기 어려운 게임임.,"현금 결제, 밸런스",4
2023-12-08,lineage_m,MMORPG,a54c7716-01a9-4587-9262-5af7c802039f,1,최악의 게임 일반적으로 한달 420만원이상 써야 그나마 유지가 될까 말까 하는게임. 유저를 현실에서 경제적 난을 오게 하고 자사의 이득 및 부를 위해서 항상 거짓말을 일삼는 게임사. 절대로 하시면 안됩니다 인생 말아먹는 지름길입니다. 별하나도 아깝습니다,강화,부정,"게임을 유지하기 위해 많은 돈을 써야 하며, 사용자를 경제적으로 괴롭히는 게임사라는 리뷰임.","돈, 강화, 게임사",5
2023-10-10,lineage_m,MMORPG,f443e985-55d8-4236-b793-69fd7e8a8419,5,오늘 드슬 떴다,서버,긍정,드슬 떴다는 리뷰로 긍정적임.,드슬,1
2023-10-09,lineage_m,MMORPG,26939c3a-9406-430d-af46-f771fc12e95b,5,거래소 빨리 만들어주세요 제발!!!!!!!!!!!!!!!,서버,긍정,거래소를 빨리 만들어 줄 것을 요청하는 리뷰임.,거래소,3
2023-10-08,lineage_m,MMORPG,f52c464d-61df-4ac2-bd18-424384ec6547,1,지움,밸런스,부정,리뷰가 거의 없으므로 부정적인 리뷰로 간주함.,,1
2023-10-03,lineage_m,MMORPG,429f84ea-6d46-447f-a894-89a0d8d5e676,3,접속이 아예 안되는데요? 에러뜸,서버,부정,접속이 안 되는 에러가 발생하는 리뷰임.,"접속, 에러",4
2023-10-02,lineage_m,MMORPG,6bcf82f7-900e-445e-889d-a2f3fd1fb0c0,1,오림의 흔적10 단계 했는데 징표 상자 아주나요? ?,강화,부정,징표 상자가 아주나지 않는 리뷰임.,징표 상자,3
2023-09-26,lineage_m,MMORPG,8304dba0-e23c-4af3-b0b8-f29322e3cae8,1,사행성의 끝판왕 NC에서 만드는 게임은 무과금이 답입니다.,강화,부정,사행성의 끝판왕이라는 리뷰로_NC에서 만드는 게임은 무과금이 답이라는 리뷰임.,"사행성, 무과금",4
2023-07-27,lineage_m,MMORPG,77dbb3d6-c727-42a2-944d-9c608ae2ddce,1,얍삐~,BM,부정,유저가 게임에 대한 불만을 표시,"불만, 게임",1
2023-07-25,lineage_m,MMORPG,62fc8dc3-0b14-4719-9290-b16b6458a228,1,업데이트하고 난후 안들어가져요 들어가게해줘요 오류가 자꾸떠요,서버,부정,업데이트 후 게임이 안 되는 vấn đề를 제기,"업데이트, 서버, 오류",5
2023-07-25,lineage_m,MMORPG,7c27253d-6dcb-4d11-9619-b1024bbebbaa,3,왜 안될까요??버그가잇어 앱을 종료 햇다는데,서버,부정,버그로 인해 게임이 안 되는 문제를 제기,"버그, 서버, 오류",5
2023-07-25,lineage_m,MMORPG,50c47b46-1023-4557-8d41-2fc7311be134,1,버그,서버,부정,버그로 인해 게임이 안 되는 문제를 제기,"버그, 서버, 오류",5
2023-06-27,lineage_m,MMORPG,ae1f1bf4-adcb-4e92-a82f-5ef210497faf,1,아 여테 내가 하던게 12세용 이라고?,BM,부정,게임의 등급에 대한 불만을 표시,"등급, 게임",2
2023-05-14,lineage_m,MMORPG,caf8852b-b1eb-40cd-a38c-c9cee6b3168b,5,"리니지m 12세와 리니지m 18세, 이 두게임이 서로 연동되는건가요? 예를 들면, 리니지m 18세를 이용하는 사람이랑 리니지m 12세를 이용하는 사람이 같이 플레이를 할 수 있나요?",BM,중립,리니지m 12세와 리니지m 18세의 연동에 대한 질문,"리니지m, 연동, 질문",3
2023-05-04,lineage_m,MMORPG,3f523bd0-59b0-43e2-97bb-53881ce5ac6d,1,저환불신청을했는데 왜이렇게늦나요 어제했는데요,운영,부정,환불 신청 처리가 늦어져 불만을 표시,"환불, 처리, 늦음",4
2023-05-01,lineage_m,MMORPG,8ded0815-7435-4584-8c72-c89fbb847854,2,왜.. ? 게임에 안들어가지죠.. 서버 선택 클릭 하면 화면이 넘어가질안아요.ㅠ,서버,부정,게임에 들어가지 못하는 문제를 제기,"서버, 오류, 게임",5
2023-04-24,lineage_m,MMORPG,cbfdf8ae-413c-41b8-a6f7-592a9a4449b3,3,게임은 진짜 제스타일인데 거래소 열어 주실수 없나요? ㅠㅠ,밸런스,긍정,게임이 재미있지만 거래소가 열리지 않는 문제를 제기,"거래소, 밸런스, 게임",3
2023-03-24,lineage_m,MMORPG,f4efef58-beee-429f-b591-d57de38f6dee,4,재밌어요,BM,긍정,게임이 재미있다는 의견을 표시,"게임, 재미",1
2023-03-11,lineage_m,MMORPG,bca290d2-b22c-43b8-adc5-960d5e19c248,1,이딴게 게임?,운영,부정,게임의 품질에 대해 매우 불만족스러운 리뷰,"게임, 품질, 불만",5
2023-02-21,lineage_m,MMORPG,41b21752-e402-481f-962f-38d2b4324610,5,좋아요 👌,BM,긍정,단순하게 게임에 대한 만족을 표현한 리뷰,"만족, 게임",1
2023-02-09,lineage_m,MMORPG,6caff152-70cf-4749-9025-09d89e7d7765,5,접속불가......,서버,부정,서버 접속 불가로 인한 불만을 나타낸 리뷰,"서버, 접속불가",5
2023-02-08,lineage_m,MMORPG,58120bd2-8f0c-464f-937a-dd3fdb5de9fa,1,Tj복구권좀 주소 몇년만에 컴백한 유저임,운영,부정,게임 복구 관련 요청과 함께 불만을 выраж한 리뷰,"복구, 요청, 불만",4
2023-01-21,lineage_m,MMORPG,c381c3da-6c2f-40f0-a6fc-74db97995762,5,강추요 겁나재밌음,BM,긍정,게임에 대한 추천과 재미를 표현한 리뷰,"게임, 추천, 재미",1
2023-01-12,lineage_m,MMORPG,628213ea-5341-4c03-a5ed-82f767ffdb02,5,ㅋㅋㅋ 게관위 일 해라 일,운영,긍정,게임 운영에 대한 긍정적인 의견을 나타낸 리뷰,"운영, 긍정",2
2023-01-09,lineage_m,MMORPG,d88788f8-ec97-420f-bf69-3c274192d832,1,그냥 운영 쓰레기 망겜,운영,부정,게임 운영에 대한 매우 부정적인 의견을 나타낸 리뷰,"운영, 부정",5
2023-01-08,lineage_m,MMORPG,7847fc6e-2ee7-4f7c-a591-d87b96099b14,3,시작하면 정장공간을 확보하라고 해서 추억이 담긴 게임들을 지우고 실행하니 약 40분정도 로딩하더니 문제가 있다고 꺼졌어요 로딩좀 시간을 줄여주세요.,서버,중립,로딩 시간이 오래 걸려서 불편함을 겪었지만요,"로딩, 시간, 불편",3
2023-01-05,lineage_m,MMORPG,5ac7c538-4fd1-4578-9e66-1533f106eb71,5,굿,BM,긍정,게임에 대한 간단한 만족 의견,"만족, 게임",1
2023-01-03,lineage_m,MMORPG,fbcc3c4a-e821-46f8-8dae-12641f87a9aa,1,개인정보삭제요청함,운영,부정,개인정보 삭제 요청과 함께 불만을 표현한 리뷰,"개인정보, 삭제, 요청",5
2022-12-31,lineage_m,MMORPG,93962f65-cece-45d6-8dc9-77723c45f4af,1,"실수구매 두개 11만원짜리 총 두개 22만원인데 환불요청왜안해줘요 ㅡㅡ 사기꾼들인가;;; 켄라우헬 패키지 두개 총 22만원 패키지 환불해주세요 빨리;,",BM,부정,22만원의 켄라우헬 패키지 환불을 요청하지만 거절당하여 불만을 표합니다.,"환불, 켄라우헬, 패키지",5
2022-11-19,lineage_m,MMORPG,f7f0c775-6765-4db1-b306-382ffae9fbec,1,현질 게임. 상업성 최고.. 적당히 현질 유도해야지.. 이건 뭐 ㅎㅎ,밸런스,부정,게임의 현질 유도가 과하다고 생각하여 비판합니다.,"현질, 유도, 게임",4
2022-11-17,lineage_m,MMORPG,4e0dd328-c3a8-43b5-b900-147a7c72b7dc,5,재미있어요,BM,긍정,게임이 재미있다고 생각합니다.,"재미, 게임",1
2022-10-12,lineage_m,MMORPG,10ccb907-adaf-47fa-a1cd-6440381fc1dc,5,구▶️글플레이앱 모📱바일게임 리니지M(12),BM,중립,리니지M 게임을 플레이하고 있음을 간단히 언급합니다.,"리니지M, 게임",1
2022-08-03,lineage_m,MMORPG,50c0f3a1-9d4b-4a87-a133-730ada5097eb,4,리니지m 18세버전과 업데이트가 다른것 같은대 뭐죠?,서버,중립,리니지M의 업데이트가 다른 것 같다고 의문을 나타냅니다.,"업데이트, 리니지M",3
2022-07-16,lineage_m,MMORPG,fce95d41-3d0c-4de3-80d6-c5d908798ae0,5,재밌네,BM,긍정,게임이 재미있다고 생각합니다.,"재미, 게임",1
2022-06-23,lineage_m,MMORPG,b88f8808-3ff2-4e6b-aacc-8052a9f359be,5,시간가는줄모름,BM,긍정,게임에 흥미를 느끼고 시간이 가는 줄 모른다고 합니다.,"게임, 흥미",1
2022-06-22,lineage_m,MMORPG,00fbb060-d062-4ecb-b32d-7883bb4f1524,5,굿,BM,긍정,게임에 대한 geral적인 만족감을 표시합니다.,"게임, 만족",1
2022-06-21,lineage_m,MMORPG,ebd94572-e67e-4fd1-8ce1-b30900309f7a,1,오늘 5주년 특별푸쉬이벤트 오후에 60된 유저들도 줘야하는거 아니냐 왜 안주냐 너무 하는거 아니냐,운영,부정,5주년 특별 푸쉬 이벤트의 보상이 부족하다고 주장합니다.,"이벤트, 보상",4
2022-06-12,lineage_m,MMORPG,aa9ef207-5611-47e3-b693-8840581eb67c,3,기존에 겜했었는데 폰 번호 바꿔서 sms 문자 인증을 못하는데 방법 안내 부탁합니다.,서버,중립,폰 번호 변경으로 인한 SMS 인증 불가 문제를 해결 방법을 요청합니다.,"인증,_SMS",3
2022-06-11,lineage_m,MMORPG,846dfc15-1edc-4256-8546-9229d628149d,5,작업장쫌 없으면 좋겠음,서버,중립,작업장 추가가 필요하다고 생각함,"작업장, 추가",3
2022-06-08,lineage_m,MMORPG,34209007-568d-452b-9f34-b82095e7ac3f,1,왜 안깔리나요 짜증나네,서버,부정,게임이 설치되지 않아 불편함,"설치, 안됨",5
2022-05-23,lineage_m,MMORPG,ea343892-00fc-4b24-946e-e060fcbdda4f,1,아직도 해? 현질게임,밸런스,부정,현질 게임이라는 느낌을 받음,"현질, 게임",4
2022-05-10,lineage_m,MMORPG,27f3e571-b609-4cc2-a60e-95b7317241fc,1,"다이아 구매를하여야하는데 패키지를 잘못구매하여 사용 하지도않고 바로 환불요청하였는데 환불이안된다함 110,000원 날리게생김 해결좀해주시져?",운영,부정,환불 요청에도 응답이 없다고 생각함,"환불, 요청",5
2022-05-05,lineage_m,MMORPG,56ec2cef-965d-475a-8b84-71458e706b7c,1,거지같음,서버,부정,게임의 전반적인 상태가 별로라고 생각함,"게임, 상태",4
2022-05-03,lineage_m,MMORPG,4237edcc-fa23-478f-907c-33000db1008e,1,갓겜임 갓겜,BM,긍정,게임을非常히 재미있다고 생각함,"게임, 재미",1
2022-04-16,lineage_m,MMORPG,a13608a9-2c89-4c24-879c-d96cf6ed673a,1,그냥거르는 회사,운영,부정,게임公司의 운영이 좋지 않다고 생각함,"게임, 회사",4
2022-03-27,lineage_m,MMORPG,3af40b29-74ae-46eb-9945-5b4ccbc832ac,5,😀,BM,긍정,게임에 대해 좋다고 생각함,"게임, 좋음",1
2022-03-25,lineage_m,MMORPG,d5d80794-82f4-4173-b4e3-c30463b84dc7,4,"왠만한 MMO 중에선 그나마 TOP 5엔 들어간다 리니지가 다른 NC에서 만든 겜중에서 제일 났다. 블소2는 진짜 망했고,리니지가 그나마 제일 재밌고 로딩도 젤빠름",밸런스,긍정,MMO 게임 중에서는 상위권이라고 생각함,"MMO, 게임",2
2022-03-23,lineage_m,MMORPG,a723e98e-3428-4a98-a907-2342c2925460,5,아주 신나고 흥미진진해요,BM,긍정,게임이 흥미진진하다고 생각함,"게임, 흥미",1
2026-02-20,browndust2,전략RPG,8077d566-97dc-4278-911c-09a1743218e0,2,언제 검열할지 모를게임,밸런스,중립,게임의 검열이 언제일지 모름,"검열, 게임",3
2026-02-20,browndust2,전략RPG,5eb21a70-7ca3-488e-8945-128048dfc62f,1,"이번 업데이트 이후 어딴 컨텐츠를 진입하던 계속해서 튕기는 현상이 발생하고 있습니다. 게임 삭제 후 재설치해도 같은 증상이 반복되어 처음으로 일퀘도 때려쳤습니다. 게임 키자마자 튕기기 2번, 패스 미션하려고 마이룸 접속하니 또 튕기고 랜덤 누르니 또 튕기고 거울전쟁 미션하려고 들어가니 튕기고 대전 돌리니 튕기고 여신상 기도하려고 광장 접속하는데 튕기고 챌린지 빠른전투하고 튕기고 마추 빠른전투하고 튕기고 길레 입장하기 누르니까 튕기고 세팅하다가 튕기고 이게 모바일 게임이면 좀 제대로 검수하고 버전 배포하던가 적당히 튕겨야지 집에 컴퓨터도 없는데 하지 말라는건가요? 확인 좀 제발 부탁드립니다.",서버,부정,"업데이트 이후 게임이 계속 튕기고, 튕김 현상이 반복됨","업데이트, 튕김, 버그",5
2026-02-20,browndust2,전략RPG,282cc074-3f57-438a-a593-968ff26f22ce,5,"과거엔 잘만든 게임성과는 별개로 과금이 심했으나, 최근엔 개선된듯 함. 캐릭터 스킨도 이쁨. 컨텐츠 추가도 빠름.",BM,긍정,"과금이 개선되었고, 캐릭터 스킨이 이쁨","과금, 캐릭터, 스킨",1
2026-02-20,browndust2,전략RPG,a885b074-efed-492f-a630-0df6e6c20e13,5,"초보들을 위해 게임 막 시작한 초반에 5,500원에 지리는 혀랑 가슴 빵딩이를 가진 육상부 부장 레비아를 주는건 센스 개지리는 개발자네 ㅋㅋㅋ",BM,긍정,초보들을 위한 게임 시작시 레비아를 주는 센스가 좋음,"초보, 레비아, 센스",1
2026-02-20,browndust2,전략RPG,dfe52e3c-aed7-4507-860b-156de45826e8,1,검열 안한다고 해놓고 하고 또 안한다고 해놓고 하고,운영,부정,"검열 안한다고 하지만, 계속 검열을 함","검열, 운영",5
2026-02-20,browndust2,전략RPG,efb3c817-d3d0-4f1c-8476-9b1e13d24a63,5,지난 사태때 1점 줬더니 가챠운이 없어져서 다시 올릴테니 운이 좋아질거라 믿겠습니다..,강화,긍정,지난 사태 이후 가챠운이 좋아질 것이라고 믿고 있기 때문에 5점을 줌,"가챠, 운, 리뷰",3
2026-02-20,browndust2,전략RPG,b7e36f8b-17bc-45db-99e3-69d87b132ea3,3,"게임 재밌는데 일대일 문의 답변좀 해주세요,, 길드 가입 신청만 하면 오류나면서 게임 종료되어 못하고 있습니다 ~.~",서버,부정,"게임은 재미있지만, 일대일 문의 답변과 길드 가입 신청 오류로 게임 진행이 안 됨","오류, 길드 가입, 문의",5
2026-02-19,browndust2,전략RPG,161326fd-1013-46b9-8b86-d8a459d564d4,5,계속해서 실망스러운 행보를 하고있지만 노력하려는 모습이 보이고 계속 바꾸려는 모습을 보이니 욕하기도 뭐하고 참 안타깝네요 그리고 낚시 컨탠츠가 재밌어서 못 놓아주고 아직 붙잡고있습니다 어서 정신차리고 좋은 이벤트와 재밌는 컨탠츠와 실수 없는 운영을 해주십쇼,운영,중립,"계속해서 실망스러운 행보를 가지고 있지만, 노력하려는 모습이 보이고 낚시 컨텐츠가 재밌음","운영, 낚시, 컨텐츠",4
2026-02-18,browndust2,전략RPG,b2f9ba5c-280f-411c-b3d7-ae1a833a3b39,5,이 게임이 렉 걸리고 그 뭐냐 네모난 게임 있는데 이유 있어요 나머지 전부 메인퀘스트 클리어 해야해요? 저 메인튀스트에 모두 클리어 해야해요? 어떻게든 클리어 해봤는데 어려워요 그리고 이벤트 벌써 끝나요? 저 안 받았어요! 다시 이벤트 열린게 해주세요! 진짜 안 받았어요 왜 나만 안 받게 해는데요 얼마전에 이 게임이 처음이에요 한번 해봤는데 재밌어요 지금은 이벤트 안 받았어요 다시 해주세요! 근데 네트워크 연결이 조금 돼요 엄청 잘 되면 할게요 다 돼면 알람 해주세요! 그리고 나머지는 전부 클리어 해야해요!? 어떻게든 해봤는데 소용이 없어요! 전부 나머지는 하게 해주세요 그리고...조금 렉 걸러서 기다리고 떠 렉 걸러서 기다리고..했는데 렉이 난리 났어요,서버,부정,"이벤트 벌써 끝나고, 네트워크 연결이 않 돼서 게임을 못 함","이벤트, 네트워크, 연결",5
2026-02-18,browndust2,전략RPG,16ad974a-539e-49ba-a5b3-64963137e27c,1,검열 취소했을 때 복귀 안 한 거 다행이네. 근데 무슨 얼마 지났다고 또 터지냐?,밸런스,부정,"또 문제가 터졌고, 검열 취소했을 때 복귀 안 한 것이 다행","밸런스, 문제, 검열",5
2026-02-18,browndust2,전략RPG,87d92a21-06a7-41fc-b82a-1f42a5a637b7,1,업데이트전에는 이벤트영상이 모두 보였으나 업데이트 이후 이벤트영상에서 무조건튕김 심지어 이벤트 때문에 판타지아스퀘어팩 사용하니 맵을 로딩하지 못하고 캐릭터보이자 마자 튕김으로 게임저체가 불가능 기종은 s22지만 노후기종이라기에는 업데이트전에는 정상적으로 다 진행되었는데 갑자기 이럼 게임진행자체가 불가능 ㅋ,서버,부정,"업데이트 이후에 이벤트영상이 튕기고, 맵을 로딩하지 못해 게임진행이 불가능","서버, 업데이트, 튕김",5
2026-02-17,browndust2,전략RPG,f8ed5865-1d77-4c17-92d5-d8aaaf2b13f6,4,게임은 다좋은데 rpg분야가 아니었으면 더 열심히 했을거같아서 아쉽네요 게임은 좋은거 같습니다,BM,중립,"게임은 좋지만, RPG 분야가 아니었으면 더 열심히 했을 것 같음","BM, RPG, 게임",2
2026-02-16,browndust2,전략RPG,080ef980-0184-4bf5-ab0c-807baf8b8caf,5,이것이 어른게임 성인을 위한,BM,긍정,어른들을 위한 게임,"어른, 게임",1
2026-02-16,browndust2,전략RPG,7e748a27-53a5-469f-80c6-58e462bec723,5,으른겜 good,BM,긍정,성인들을 위한 게임,"성인, 게임",1
2026-02-16,browndust2,전략RPG,207c8fa7-5d71-46d4-a528-1c8fdbf2f850,5,재미있네요 작화나 스토리도 괜찮습니다,BM,긍정,작화와 스토리도 좋고 재미있음,"작화, 스토리, 재미",1
2026-02-16,browndust2,전략RPG,da986802-6488-4442-bcab-eea1a5d8cc6e,1,계속 버그 걸려서 게임 진행불가 버그 걸릴때마다 지웠다가 깔아야함,서버,부정,"계속 버그가 걸려서 게임 진행이 불가능하고, 버그가 나올 때마다 지워서 다시 깔아야 한다.","버그, 게임 진행 불가, 재설치",5
2026-02-16,browndust2,전략RPG,9c2e414d-5828-469c-ba63-f5d640791a79,4,"게임도 즐기고 있고, 나름 열심히 하는데요... 왜 길드 조작에서 추방하면 강종이 되는거죠??? 거참...이상하네요.. 확인 부탁드립니다!!!",밸런스,부정,길드 조작에서 추방하면 강종이 된다.,"길드, 추방, 강종",4
2026-02-16,browndust2,전략RPG,8506cfb5-3c77-49fb-a742-e50ee0de0135,2,"그래픽, 캐릭터 좋으나 난 이런 류의 게임이 안맞다",BM,중립,게임이 개인의 취향과 맞지 않다.,"캐릭터, 그래픽, 취향",2
2026-02-15,browndust2,전략RPG,4079c0cb-d71c-43e7-910a-cb84a4adb2b8,5,안녕하세요.저는 지금 브라운 터스트를 일주일 조금 넘게 즐긴 쁘뉴비입니다. 지금까지 스토리도 재밌고 장비도 맞춰서 전투력도 올리고 있고 정말 즐겁게 플레이 하고 있습니다. 그런데 제 기준에서 살짝 아쉬운점을 적어보자면 1.장비에서 분해할려고 장착 장비를 해제 하는데 그럴때 마다 저장하고 나가기를 해야하는데 저장할때마다 로딩도 좀 걸려서 불편한거 같아요. 그냥 장비에서 나갈때 한번만 뜨면 좋을거 같습니다. 2.팩에서도 설정 창이 뜨면 좋겠어요 설정 건드릴 일이 있을때 마다 홈가서 건드고 또 팩 들어가고 해야해서 동선 낭비가 좀 있어요. 3.낚시 콘텐츠를 너무 재밌게 플레이 하고 있는데 스테이지가 너무 적어서 아쉬웠고 수조 같은것도 차라리 마이룸 처럼 자기가 낚은 물고기 채워 넣고 꾸밀수 있으면 재밌을거 같아요. 제가 코디나 꾸미는 콘텐츠를 좋아하는데 코디 아이템이 너무 적어서 아쉬었어요. 4.3.의 확장인데 광장에서 할수 있는게 결국 낚시 밖에 없어서 아쉽네요. 읽어주셔서 감사합니다,운영,긍정,"개발사에 건의사항을 제시하며, 게임을 즐기고 있다.","게임, 건의, 개발사",3
2026-02-14,browndust2,전략RPG,d751f378-6cf7-4402-afdf-9d1e9a5c1dd6,5,캐릭터들이 상상 이상으로 만족스러움,BM,긍정,캐릭터가 상상 이상으로 마음에 든다.,"캐릭터, 만족",1
2026-02-14,browndust2,전략RPG,d47c19f2-ed5e-4c44-aca3-7c0a7ae0f72d,3,글루피다이너?게임팩꼽으라고하더니 그뒤로 튕겨요 접속하면 계속 진행불가튕김...조치바랍니다,서버,부정,"게임팩을 꼽고 나서 튕ギ며, 진행이 불가능하다는 튕김 현象이 발생한다.","게임팩, 튕김, 접속 불가",5
2026-02-13,browndust2,전략RPG,563ca045-a65a-4c1c-8d7f-e803341e2bf7,1,뽑기 확률 조작해놔서 접음 솔직히 200회 뽑기 한동안 픽업 코스튬 하나도 안나오는게 말이됨?? 사기지... 내가 뭐하러 이짓을 하고 있나 싶음,강화,부정,"뽑기 확률이 조작되어 있어, 픽업 코스튬을 뽑기 어렵다.","뽑기, 확률, 조작",5
2026-02-13,browndust2,전략RPG,484d8879-dbeb-49ce-bb12-6b99db15c42c,1,최적화가 안되어 있는지 어느 순간부터 렉이 심함,서버,부정,"최적화가 안 되어 있어, 어느 순간부터 렉이 심해진다.","최적화, 렉, 성능",4
2026-02-13,browndust2,전략RPG,a3e03ac5-a0e9-4c65-bdfe-ac4bfa6abbdf,5,메이저 성인향 서브컬쳐 게임 중에 이만한 거 또 없음. 망하지마요 겜프스..,BM,긍정,"게임이 최고라고 생각하며, 다른 게임과 비교할 수 없다.","최고, 게임, 성인향",1
2026-02-13,browndust2,전략RPG,6a6121a1-b5ab-4fb9-97fe-470aea6ab515,5,최고의 앱 ㅋㅋㅋ,BM,긍정,게임이 최고라고 생각한다.,"최고, 게임",1
2026-02-13,browndust2,전략RPG,7d321a1d-a800-4246-a4f6-03b64ca8c4a7,5,"의견반영이 빠르고 캐릭터성, 스토리, 게임성 모두에서 만족하면서 하고 있습니다! 제 기준 분재겜 원툴입니다 😍 이대로만 가자~🔥🔥",밸런스,긍정,"의견반영이 빠르고 캐릭터성, 스토리, 게임성 모두에서 만족한다. 제 기준 분재겜 원툴이다.","의견반영, 캐릭터성, 게임성",5
2026-02-13,browndust2,전략RPG,d80274b0-f138-4213-9d26-4649f03f9c6f,5,재밌어요 쉽고,밸런스,긍정,게임이 재밌다.,"재밌음, 게임",1
2026-02-12,browndust2,전략RPG,d023c540-2075-476b-92e0-aaf5c2ad673b,5,재미있네요,밸런스,긍정,게임이 재미 있다.,"재미, 게임",1
2026-02-12,browndust2,전략RPG,1ac8c027-a257-4ab8-be34-2c8cbfaf8fa6,5,재미나요,밸런스,긍정,게임이 재미 있다.,"재미, 게임",1
2026-02-12,browndust2,전략RPG,75c5c31e-1054-4e37-b873-356fea24e298,5,소통에 진심인 회사 2d 퀄리티에서 업계최고,운영,긍정,소통에 진심인 회사로 2D 퀄리티가 업계 최상이다.,"소통, 2D퀄리티, 운영",5
2026-02-12,browndust2,전략RPG,8e336e1e-b484-4bae-bdda-e37b114b0bd3,1,크아악 김 지우라고 김 안젤리카아아아아아,BM,부정,제목의 내용과 무관한 리뷰이다.,무관한 리뷰,1
2026-02-12,browndust2,전략RPG,644b8392-c4ad-4392-ac0b-630e2f62fe92,1,"불만없이 게임하는 콘크리트층인데 이젠 실드불가, 발정충에 휘둘려서 검열이슈, 스토리 과몰입충 때문에 혼란부여, 이젠 없데이트까지 ㅋㅋㅋㅋㅋ",서버,부정,불만 없이 게임을 하던 중 혼란스러운 이슈들이 발생했다. 업데이트가 없다.,"혼란스러운 이슈, 업데이트없음",5
2026-02-09,browndust2,전략RPG,7b35a6e2-509c-4758-b1fa-e7da6c682d67,4,와 야비쒸,BM,중립,리뷰 내용이 불명확하다.,"불명확, 리뷰",1
2026-02-09,browndust2,전략RPG,228447c2-8a61-4e92-9182-c733330caacf,1,하지마 그냥,BM,부정,게임을 하지 말라는 리뷰이다.,"하지마, 게임",1
2026-02-08,browndust2,전략RPG,25967ea6-6901-4611-88af-4fbfa92e6dac,5,재밌습니다,밸런스,긍정,게임이 재미 있다.,"재미, 게임",1
2026-02-08,browndust2,전략RPG,4de87720-5f41-477d-bf1b-bc94e9d5e7fe,5,항상 재미있게 잘 하고 있습니다. 감사합니다.,서버,긍정,게임을 즐기고 있으며 감사함을 느끼고 있다.,"재미있게, 감사합니다",1
2026-02-08,browndust2,전략RPG,9a66a11c-6bde-4752-be7a-3fbb22b9c339,5,재밌어요,BM,긍정,게임이 재미있다는 생각이다.,재밌어요,1
2026-02-08,browndust2,전략RPG,2f9e28de-be6a-481c-8ae8-95cdc9cb0503,1,"3인칭 커플링 관찰게임. 인기있는 캐릭터는 커플링 세탁해서 판매하고 상품성 없으면 상호작용, 인연스토리 등 오피셜로 유기. 유저가 대상인것처럼 광고하지 마세요. '서방님'은 유저가 아니라 그레이잖아요?",운영,부정,"인기있는 캐릭터만을 중점적으로 다루며, 다른 캐릭터들은 외면한다는 생각이다.","3인칭, 커플링, 관찰게임",5
2026-02-07,browndust2,전략RPG,c55b41bd-ee26-4b36-8442-87f5424afadc,3,검열은 누구 대가리에서 나왔냐 슬슬 접어야할 시기가 온거같네,서버,부정,검열이 많아 게임을 즐기기 어렵다.,"검열, 게임",4
2026-02-07,browndust2,전략RPG,21359efb-2aaa-448c-8e40-e844fed01e84,1,검열은 왜하시는거죠? 초심잃으셨나요? 이게 무슨겜인지 모르세요? 이러시면 유저들 다떠나갑니다.,운영,부정,"게임의 운영이 좋지 않으며, 검열이 많아 게임을 즐기기 어렵다.","검열, 운영",5
2026-02-07,browndust2,전략RPG,5496e271-aeb3-47db-90cc-e2ad75c7c185,1,자기들 타겟층 조차 제대로 파악못한 게으르고 어리석은 게임 이 게임은 무과금 쌀먹하다 질리면 접으십쇼 그게 당신을 위해서 좋습니다.,밸런스,부정,"게임의 밸런스가 좋지 않으며, 운영도 좋지 않다.","게임, 밸런스, 운영",5
2026-02-07,browndust2,전략RPG,1bec3a20-c280-42f3-a81e-3bcb0a2d75f9,5,어렵다 ㄷㄷ,BM,중립,게임이 어렵다.,"게임, 어렵다",2
2026-02-07,browndust2,전략RPG,4b7393f6-50fe-461e-9e62-3ddfbf3d05ec,2,뽑기재화 많이주고 현질 안해도 충분히 즐길수있으나 연출이 많이 부족하고 운영이 ㅈ박음 갤럭시는 괜찮으나 아이폰은 자주튕김 잘놀다갑니다,서버,부정,"게임의 연출이 부족하며, 운영도 좋지 않다.","연출, 운영, 서버",4
2026-02-06,browndust2,전략RPG,28a172e3-1a97-4067-a642-dbc98d38c849,5,힘내세요.. 오늘 라방 채팅보다가 짜증나서 꺼버렸네요.. ㅠ 파이팅!,운영,긍정,"게임 개발자의 노력을 인정하며, 게임을 즐기고 있다.","개발자, 게임",1
2026-02-06,browndust2,전략RPG,439f82c0-dad5-4c1f-8d2f-b0a81800a3ee,1,지금까지 여러 게임을 해보면서 느낀 게 있는데요. 게임 자체의 재미만큼이나 개발자가 중요하다는 걸 다시 한번 느꼈습니다. 주년 이벤트라고 복귀해본 제가 바보 같이 느껴지네요. 다시 복귀할 일은 없을 것 같습니다.,운영,부정,게임 개발자가 중요하다는 것을 느낀다. 게임의 운영이 좋지 않다.,"개발자, 운영",5
2026-02-06,browndust2,전략RPG,039bda3e-e1b3-4bdf-afd3-08b589c74824,1,검열 하지 않겠다고 말한지 한달이 됐는지도 모르겠는데 바로 검은색 떡칠한 상호작용 가져오는 건 진짜 치매임? 스토리 처음부터 개쳐박았으면 캐빨이라도 할 거리를 만들어주던가 챗GPT가 써도 이거보단 나음 진짜 아트 빼고 모든 컨텐츠가 다 수준 이하인데 그걸 검열하면 이 게임에 남는 게 뭐임? 꽹과리 계속 쳐댈거니까 알아서 하세요,운영,부정,검열이 이루어졌음에도 게임의 내용과 컨텐츠가 제대로 되지 않은 점을 비판,"검열, 컨텐츠, 아트",5
2026-02-05,browndust2,전략RPG,12b4230a-4787-4c52-a134-a1babfd570f8,1,바닐라웨어 때부터 게임을 했는데 최근 행보가 아쉽네요. 손이 안 가요. 항상 무과금이었는데 월정액이랑 프레스티지 스킨도 사게 된 게임이라 애정이 갔는데 이번 방송 기다리겠습니다,운영,중립,게임의 최근 행보가 아쉬운 점을 언급,"바닐라웨어, 애정",3
2026-02-05,browndust2,전략RPG,076c85d2-463b-4afc-bfde-85021979c732,1,진짜 ㅋㅋㅋㄲ,서버,부정,리뷰 내용이 불명확,,1
2026-02-04,browndust2,전략RPG,0dc684d2-c4f3-4f7a-9feb-03990ad61e54,1,"2.5주년에 유입해서 프레스티지 스킨외 기타캐릭터들 풀돌까지 할정도로 재밌게 즐겼는데 리베 스킨문제부터 시작한 일러검열, 회피식 소통 게임이 성공한 요인을 스스로 걷어차버리네요. 김이 보여요~~김~~~~김! 사과만 하면 다인줄아시나요? 개선되는게 없고 또 김인데...",강화,부정,"리베 스킨 문제와 일러스트検열, 회피식 소통이 게임의 성공 요인을 무너뜨린다고 비판","리베 스킨, 일러스트검열, 소통",5
2026-02-04,browndust2,전략RPG,9cc9c05d-ae20-4931-b7f0-03999bb3834e,5,굿굿굿,BM,긍정,게임에 대한 긍정적인 감정을 표현,"게임, 감정",1
2026-02-02,browndust2,전략RPG,a6dfa259-3686-4a1c-9f3b-b58677c4c5be,5,제인생게임이되어보겠습니다,BM,긍정,게임을 삶의 일부로 받아들이는 의지를 표현,제인생게임,1
2026-02-02,browndust2,전략RPG,253aabda-eceb-4d8b-b0fa-713bbecf13df,1,결국 운영진은 유저들의 신뢰에 보답하기는 커녕 등에 칼을 꼽았다,운영,부정,운영진이 유저들의 신뢰를 깨는 행동을 한 점을 비판,"운영진, 신뢰",5
2026-02-02,browndust2,전략RPG,a122ab16-c6ef-476e-bbb4-6208df3e5944,1,앞으로 남캐 안냄-바로 남캐 냄 앞으로 검열 안함- 바로 검열함 ㅋㅋㅋㅋ검열 수정함-의미 없는 수정 이거 할려는 사람들 무조건 도망쳐라 다른거 할게 넘쳐난다 거짓말 투성이 회사다 주말은 든든하게 쉬고 월욜날 오해다잇공지한줄 ㅋㅋㅋㅋㅋㅋㅋㅋ워라벨 오지게 챙기는 회사 너무 스윗한 pd가 주도적으로 검수하며 이끄는 회사게임을 하고 싶은 도파민 부족한 사람이면 해볼만함,운영,부정,게임 운영진의 거짓말과 부적절한 운영을 비판,"거짓말, 운영",5
2026-02-02,browndust2,전략RPG,a84b66ad-a3b3-495b-856b-36515c2eb1c5,5,잘하고 있는데 나이트메어 맵에서 튕기더니 게임스타트할때마다 그맵에서 빠져나오지못하고 계속 튕기네요 캐쉬지워도 안되고 이틀째 보상도 못먹고 있음,서버,부정,게임에서 튕기는 현상과 보상이 먹히지 않는 문제를 제기,"튕김, 보상",4
2026-02-02,browndust2,전략RPG,957eb269-27ea-4056-b0b8-7f4d220af70e,1,불통 유저적대적운영,운영,부정,게임 운영진의 무시와 적대적인 운영을 비판,"불통, 적대적운영",5
2026-02-02,browndust2,전략RPG,972c59a6-cd49-45de-8bdd-11a0da566848,5,해보면 알수있음. 재미있다!,밸런스,긍정,게임을 해보면 재미있다고 느꼈다.,"재미, 게임",1
2026-02-02,browndust2,전략RPG,dfd3848f-5e75-4ef4-9552-4b7630949e32,1,이딴 게임에 돈 쓰지 말걸. 뒤통수만 치네? 게임 시작 전에 이 겜 나무위키라도 읽고 그래도 하겠다는 사람만 시작. 남은 사람들 매몰 비용 땜에 관성 땜에 하는거지 다들 접힘 당하는 중,서버,부정,"게임에 돈을 쓸 필요가 없다고 생각하고, 게임이 시작 전에 문제를 읽어야 한다고 주장한다.","돈, 게임 시작",5
2026-02-02,browndust2,전략RPG,f8c8f3fe-4fa9-49f8-b7ce-8f10d5097f97,1,"구글계정 연동 초기화 문의를 여러차례했으나 같은 답변의 반복, 로그인 자체가 초기화되어버렸다고 문의를 해도 같은 답변의 반복. 복귀 안하고 더이상 안하려고 합니다. 같은 문제를 지속적으로 유저들이 제기해도 해당 부분에 대해서 관련 없다고만 하는 태도 변해야한다고 생각합니다.",운영,부정,"구글계정 연동 초기화 문의를 해도 같은 답변만 돌아오고, 로그인 문제를 해결하지 못했다.","구글계정, 연동 초기화",5
2026-02-02,browndust2,전략RPG,bead846c-1ff0-42b9-b621-e1a3c7684e0c,1,그냥 제대로 운영할 생각도 없고 유저 의견 같은건 듣지도 않으니 시작도 하지마세요,운영,부정,"게임 운영을 제대로 하지 않으며, 유저 의견을 듣지도 않는다.","게임 운영, 유저 의견",5
2026-02-02,browndust2,전략RPG,cc3e018b-6274-4b3d-b18a-389720acbf7f,1,에휴..,서버,부정,"게임에 대한 불만이 있지만, 구체적인 이유는 불분명하다.",불만,3
2026-02-02,browndust2,전략RPG,a298c2ef-c852-488a-8706-8498a2c379c9,1,또 검열ㅋ,밸런스,부정,게임의 검열이 심하다고 생각한다.,검열,4
2026-02-01,browndust2,전략RPG,3c8eb661-18b6-4c24-8b68-f8a9d13ad739,1,게임사가 유저통수치는게임입니다. 다들 도망가세요.,서버,부정,"게임이 유저를 통수친다고 생각하며, 다른 사람들에게도游戏를 하지 말라고 주장한다.",유저 통수,5
2026-02-01,browndust2,전략RPG,cf2dcfa4-2c67-4763-ade3-5d78ccb5b7e9,3,현재 검열사건 이후로 조용한가 싶었는데 다시 일이 벌어졌으니.. 이런류의 게임은 보기 힘드니 삭제는 안하지만 그래도 갑자기 지울수 있는일이기에 우선은 지켜보겠습니다,서버,중립,"게임의 검열 사건 이후로 상황이 조용했지만, 다시 문제가 발생했다.",검열 사건,3
2026-02-01,browndust2,전략RPG,58a4186b-f2f5-45fe-8965-5471a05cae23,1,19세 게임인데 15세 게임보다 검열 심하고요 상상력 자극 한답시고 검은 김 떡칠해놔서 상상하기도전에 짜증부터 나는 게임이에요 하실분들 생각 잘하고 시작하세요,밸런스,부정,"게임의 검열이 15세 게임보다 심하다고 생각하며, 상상력을 자극하라고 하나 상상하기도 전에 짜증이 난다.","검열, 상상력",4
2026-02-01,browndust2,전략RPG,30a5f929-cec9-4f96-9f73-73b4c7db9b48,1,"2.5주년 유입인데, 무슨 라방까지 하면서 바뀌겠다해놓고 안바뀌는것만 수두룩함 절대하지않겠습니다(함), 철저히 검수하도록 하겠습니다(아님)",운영,부정,"게임 운영이 바뀐다고 하나, 실제로 바뀌지 않는다고 생각한다.",게임 운영,5
2026-02-01,browndust2,전략RPG,992840a3-09da-4dd8-a84c-6bae5760007d,1,"예 뭐 그렇게 됐습니다. 신뢰 회복의 기회를 달라, 앞으로의 행보로 보여드리겠다. 이렇게 말씀하셨는데 바로 셀프 검열해서 유저들한텐 눈 가리고 아웅 하는 꼴을 보니 참 변하는 게 없네요.",서버,부정,"신뢰 회복의 기회를 달라는 말이 빈말로 다가오고, 계속적인 검열로 인해 유저들의 신뢰가 떨어지는 상황입니다.","신뢰, 검열, 서버",5
2026-02-01,browndust2,전략RPG,7d35a7fe-4f46-4cd0-a913-b31e7f49e725,1,벤티나 상호작용 검열은 왜한거냐? 구라만 진짜 미친듯이하내,운영,부정,벤티나 상호작용 검열이 되어 유저들이 발언이 제한되는 상황입니다.,"검열, 벤티나, 상호작용",5
2026-02-01,browndust2,전략RPG,c4f4d983-8857-443d-8ef2-4691ce90cae2,1,니넨 안되겠다.. 그냥 1점해라,운영,부정,게임 운영이 유저들의 만족도를 낮추고 있습니다.,"게임, 운영, 유저",4
2026-02-01,browndust2,전략RPG,a59d51e2-f644-49c1-8112-fb19001c00f6,1,검열을 철회하긴 한다고 다시는 그런일없을거라고 호언장담하더니 한달도 안되서 벤타나 상호작용 검은색 떡칠 해놨네요 연출에서 검열을 의도했든 의도하지 않았든 결론은 말도 안되게 무능하거나 아님 검열을 다시 은근슬쩍 하려고 하는걸로 밖에 보이지 않습니다. 어느쪽이든 이 게임에 더 이상 예전 같은 신뢰를 주는건 불가능 할것 같습니다. 게임을 즐기면서 한때는 정말 즐거웠는데 이제 놔줄때가 다가오고 있는거 같습니다. 이제 지쳐서 좀 쉬고싶군요.,서버,부정,"한 달도 안되어 다시 검열이 이루어지며, 유저들의 신뢰가 완전히 떨어졌습니다.","검열, 신뢰, 서버",5
2026-02-01,browndust2,전략RPG,0a70bbd7-eaab-44cd-bc56-4e7156a5ada7,1,스팀 출시 불발 이후 급속도로 의욕이 떨어진 개발진 + 검열 빔 + 1티어 서폿 환불 통보. 이제 쁘더2에도 망조가 들었구나..... 26. 01. 13. 정상화가 이루어졌습니다. 26. 02. 01. 또 한차례 검열+운영진의 소통 거부가 일어났습니다.,운영,부정,"개발진의 의욕 저하와 검열, 환불 통보 등이 게임 운영의 문제를 일으키고 있습니다.","개발진, 검열, 환불",5
2026-02-01,browndust2,전략RPG,d85eaaee-ec8e-4a02-9e0b-f86ac8ca0417,1,검열사태후 7시간 간담회하더니 또 검열 때림,운영,부정,7시간 간담회 이후에도 또 다시 검열이 이루어졌습니다.,"검열, 간담회, 운영",5
2026-01-31,browndust2,전략RPG,4499b79a-1110-4a8d-9278-5a523054d320,1,검열이 계속되는 한 현질 더 안함. 스탠스 확실하게 정해라.,서버,부정,검열이 계속되는 동안 현질을 하지 않을 예정입니다.,"검열, 현질, 서버",4
2026-01-31,browndust2,전략RPG,66f098eb-dc22-4f5d-97eb-c814da5e3331,1,통수에통수,운영,부정,게임 운영에 대한 불만이 계속되어 유저들이 게임을 즐기기 어렵습니다.,"게임, 운영, 유저",4
2026-01-31,browndust2,전략RPG,12d218d1-973e-4f5d-a6bf-67f8e3ed7829,1,유저기만 김검열,서버,부정,유저들이 검열로 인해 게임을 즐기기 어려운 상황입니다.,"검열, 서버, 유저",4
2026-01-31,browndust2,전략RPG,0ac259aa-ca1e-41d0-ae3e-97aa43e61dd5,1,"진짜 왜 그러십니까. 자폭을 한두번 해야지.. 단점 커버가 안되면 장점을 극대화해서 차별성을 둬야지, 장점은 버리고 단점만 부각시키는 해괴한 운영 정말 안타깝네요.",운영,부정,게임의 장점이 사라지고 단점만 부각되어 유저들의 불만이 выс하게 나타납니다.,"게임, 운영, 유저",5
2026-01-31,browndust2,전략RPG,e491d139-d756-4bb0-ad43-7b2bbb788ace,1,검열 안한다더니 검열시작함,서버,부정,검열이 시작되어 게임 이용이 불편하다.,"검열, 시작",5
2026-01-31,browndust2,전략RPG,2ad6e049-a8d4-4ed5-b572-8f4afdaa9617,1,앞으로 내실 잘 다져주시길 바랍니다,운영,중립,게임 운영에 대한 의견을 제시한다.,"게임, 운영",3
2026-01-31,browndust2,전략RPG,e911125f-1d88-469b-b67b-a3595450f894,1,안좋은 리뷰 썼는데 또 수정한다 픽업이라서 잘나오겠지했는데 318회 이상 뽑기를 돌려도 겨우 2번 먹는다? 남들은 90회만에 5번 먹는데? 이게 형평성 맞게 돌아간다 생각하냐? 뽑기 확률개선해라 이렇게 나오는게 정상같냐,강화,부정,뽑기 확률이 낮아 불만이다.,"뽑기, 확률",5
2026-01-31,browndust2,전략RPG,5639494e-53bf-43ad-826b-9af9b00332a4,1,검열게임,서버,부정,검열로 인해 게임 이용이 불편하다.,"검열, 게임",5
2026-01-31,browndust2,전략RPG,b19dc38f-edd4-4d9d-93da-fd434d2ffb0e,1,대단하십니다 그새 못 참고 또 검열을 배설하셨네요,서버,부정,검열이 다시 시작되어 게임 이용이 불편하다.,"검열, 다시 시작",5
2026-01-31,browndust2,전략RPG,14aecffc-ba7e-491d-b7a2-f52fed908fb4,3,유저랑 기싸움 안해서 좋네,밸런스,긍정,유저와의 기싸움이 없어서 좋다.,"유저, 기싸움",2
2026-01-31,browndust2,전략RPG,2b8a2277-1d8d-4520-ae05-b36215227d6b,1,검열사태때 대처 좋았다고 1점 댓글 삭제해준 내가 ㅄ이지. 검열 터진지 한달도 안됐는데 온천 벤타나 상호작용 또 검열해버리네. 그냥 정신 차릴때까지 댓글 안 지울게. 신뢰 회복 열심히 해봐 ㅇㅇ,서버,부정,검열 사태가 다시 발생했다.,"검열, 사태",5
2026-01-31,browndust2,전략RPG,4479fabe-e8b9-4d36-bd67-6638743abed9,1,검열 안하겠다며 왜 또 온타나 상호작용에다가 김 덕지덕지붙여놨냐?,서버,부정,온타나 상호작용에 검열이 다시 적용됐다.,"온타나, 상호작용, 검열",5
2026-01-31,browndust2,전략RPG,6d58c235-f705-4bef-ae14-2ce0de2d5c1f,1,유저를 몇번이나 속이는거냐? 한두번속지 거짓말만 입에 달고사네 ㅋㅋ,운영,부정,유저를 여러번 속였다.,"유저, 속임",5
2026-01-31,browndust2,전략RPG,8976b9bb-87ab-4ba2-acf4-73e1a84fa9f2,3,지켜봅니다,운영,중립,게임 운영을 지켜본다.,"게임, 운영",1
2026-01-31,browndust2,전략RPG,70753de9-3937-422b-837e-94de9fd06e71,1,검열 이슈 터지고 직격타 맞아서 간담회까지 해 놓고 바로 온타나 검열해버리네... 온천팩 스토리는 잘 써 놓고 왜 마지막에 죽을 쒀버리는지 참,운영,바내,종레 신린 주세 여부 소녀 사용되 집합드를 총 총 열 주세는 밍 신린 소 코드 사학 신 알 수 었다.,"종레, 신린, 소녀",5
2026-01-31,browndust2,전략RPG,f9b903f1-4d2c-41dd-835e-18fca4d37a83,1,제일 나쁜건 앞에서는 바른말하고 또 뒤통수치는거임,운영,바내,오담 사학 있다 총 총 사해 주세 소녀 사학되 집 인들.,"오담, 사학, 소녀",5
2026-01-31,browndust2,전략RPG,7cd5bf87-1e74-4763-bc54-f62f40748df7,2,검열 철회한다길래 3점으로 올려줬는데 이번 벤타나 상호작용 보고 2점으로 내립니다. 일을 좀 생각을 하고 하세요,운영,바내,종레 신린 소녀 여부 소녀 사학되 집 인들 총 열 주세는 밍 신린.,"종레, 신린, 소녀",4
2026-01-31,browndust2,전략RPG,85012fda-856f-40c9-bbaf-d520e9e1810f,1,말로만 검열 철회하고 이번에 출시한 상호작용은 검은색 화면으로 다 가림 얼굴도 검은색으로 다 가렸던데 듀라한이세요? 내가 누렁이지만 1점도 아까움,운영,바내,종레 신린 소녀 여부 사학 신 알 수 었다 총 열 주세는 밍 신린 소 코드 사학 신 알 수 었다.,"종레, 신린, 소녀",5
2026-01-30,browndust2,전략RPG,6805b960-c52d-45ed-92a0-e3242e97b341,2,상황봤고 대처 봤고 꼬라지도 봤고 이 겜도 접을 때가 왔다. 대처를 해서 처리된 상황이지만 검열하려 했던것도 그지같은데 삭제까지 시키려했다는거 보니까 가치가 없는거 같다,운영,바내,종레 신린 소녀 여부 소녀 사학되 집 인들 총 열 주세는 밍 신린 사해 주세 집합드를 총 총 열 주세.,"종레, 신린, 소녀",4
2026-01-30,browndust2,전략RPG,cf8aebbd-446e-474f-9c13-3b7ca2038316,5,쪼아요 쪼아요,운영,작내,총 총 알 수 었다 총 열 주세는 작내들.,"작내, 알 수 었다",1
2026-01-30,browndust2,전략RPG,a185daf5-261a-4aac-9dce-8e3ffeb8a2d5,5,거울전쟁 하는데 비정상 전투라고 갑자기 강제종료 되고 다시 들어가보니까 점수 깎여있네요..,서버,바내,지하 소녀 소녀 여부 사학되 집 인들 총 열 주세,"지하, 소녀, 사학",3
2026-01-30,browndust2,전략RPG,c0dc9ef2-d964-4fb3-b3f1-20b18cffc8ba,5,논란 모르고 계속하는 입장에서는 이리 혜자 게임이 없음.,밸런스,작내,알 수 었다 총 열 주세는 작내들.,"작내, 알 수 었다",1
2026-01-30,browndust2,전략RPG,7232094b-8de5-4968-b114-79e71e78ad49,5,"쁘를 시작한지 2년이 지나고 평가를 한다. 이건 가슴벅찬 성장형 게임이다. {검열 논란 사건 이후 평가} 첫 시작이 '세븐나이츠' 라서 그런지 타격이 별로 느껴지지 않는다. 오히려 이번 운영 사건은 기준점이 없었기에 일어난 일이라고 생각할 뿐. 제일 놀라웠던건 빠른 시일에 기준을 세워 단단하게 한 것이다. 인생을 살면서 기준도 없고, 가치관도 없는 사람이 대부분이라는 것을... 느꼈다면 이건 정말 긍정적으로 볼 가치가 있는 것이다. 2~3년이면 나름 익숙해지고 숙련된 과정으로서 그 흐름에 미리 고난을 받았다고 생각하면 좋을 듯 싶다. 운영진도 그렇고 게이머도 그렇고 인생이란 기준을 세우며 쌓아가는 것 아니겠는가?",BM,작내,종레 신린 소녀 여부 소녀 사학되 집 인들 총 열 주세는 밍 신린 소 코드 사학 신 알 수 었다 총 열 주세.,"종레, 신린, 작내",1
2026-01-30,browndust2,전략RPG,d64cc3ea-4153-49fc-8c8d-cd0c054f274f,4,폰으로 할때 최적화만 잘된다면 좋을 것 같아요.,서버,작내,알 수 었다 총 열 주세 소 여부 사학 신 알 수 었다.,"알 수 었다, 사학, 소 여부",2
2026-02-26,browndust2,전략RPG,85da96b9-34d7-4817-934a-b5cef8c70d93,2,생각보다 사양이 높아야함 버그가 많음,SERVER,부정,게임의 사양이 높고 버그가 많아 게임을 즐기기 어렵다.,"사양, 버그",4
2026-02-26,browndust2,전략RPG,2a5d6efa-c025-455b-b9ed-0b5493256cfd,1,갈수록 불만사항만 늘어가는 레전드게임,운영,부정,불만사항이 많아 게임이 재미없습니다.,"불만, 게임",5
2026-02-24,browndust2,전략RPG,ffbf53a6-2d91-48cb-972b-70709ae8bbac,4,뭐 그럭저럭 할만한데 영웅관리하는 인터페이스가 좀 조잡해요..,밸런스,부정,영웅 관리 인터페이스가 조잡하다.,"영웅관리, 인터페이스, 조잡",3
2026-02-26,browndust2,전략RPG,69776b99-a674-4e61-b4bc-3fb6b1d9b661,5,굿,BM,긍정,게임이 좋다.,GOOD,1
2026-02-26,browndust2,전략RPG,4fe6d899-6820-49c0-aaf5-1551922bd70a,1,게임을 즐기고 있는 사람중 한명입니다. 다만 요즘 접속을 하려고 하면 팅겨버려서 접속 자체가 안되고 있습니다. 리뷰보니 저만 그런거 같지는 않습니다. 빠른 조치 부탁드리겠습니다.,서버,부정,접속이 안되어 게임을 즐길 수 없습니다.,"접속, 게임",5
2026-01-18,browndust2,전략RPG,6a67c7d2-1c21-46c4-babe-27e9b1b46aa0,5,이번 스킨 역대급이네,강화,긍정,유저가 이번 스킨을 역대급으로評 Wert하다.,"스킨, 역대급",1
2026-01-12,browndust2,전략RPG,7367db31-91e6-4446-b14b-c508897c9b82,5,수고했다,운영,긍정,ゲーム開発者에게 수고했다라고 칭찬하는 리뷰입니다.,"수고, 칭찬",1
2026-01-20,browndust2,전략RPG,cd7c156e-51fe-4f91-8b01-6637c80eafde,5,잘하자,BM,긍정,유저가 게임을 긍정적으로 평가했다.,"게임, 긍정적 평가",1
2026-01-18,browndust2,전략RPG,840318f9-56b7-40a9-bc79-8141679a73eb,1,"고작 몇개월 안했는데 하루하루 그냥 사건사고가 끊이질 않네요...2주년때 유입해서 정말 열심히 해보려고 커뮤니티 돌아다니면서 공략도 찾아보면서 했는데 이젠 그냥 일퀘만 딸깍하고 바로 끔. 운영진은 신뢰를 져버리고...뉴비도 이렇게 지쳐서 폐사하는데 오래하신분들은 얼마나 억장이 나가실까요. 스트레스 풀려고 게임하는건데, 일퀘할 생각만해도 한숨부터 나옵니다. 이젠 신경 안쓰렵니다. 알아서들 하십쇼.",운영,부정,"운영진의 신뢰를 잃어서, 게임에 흥미를 잃었다.","운영, 신뢰",5
2026-01-12,browndust2,전략RPG,f67dc94a-ea88-4ea5-803e-c0f8662e05ac,4,앞으로도 잘하쇼,운영,긍정,앞으로도 잘 해주십사 합니다.,"앞으로, 운영",2
2026-01-12,browndust2,전략RPG,ed2e7df3-c07a-450b-bbb0-622b7432d891,5,어려운 결정이지만 유저들이 더 응원할 수 있는 방향을 선택해주셔서 감사합니다 이전 1점에서 5점 리뷰로 다시 전환하였습니다.,운영,긍정,게임회사에 대한 감사의 리뷰입니다. 사용자는 게임회사가 유저들의 목소리를 듣고 있다는 것을 알게 되어 기뻤습니다.,"감사, 게임, 유저",1
2026-01-15,browndust2,전략RPG,803763fa-37e2-4a92-af0c-41b2bc31fe20,5,난 재밌음,BM,긍정,게임이 재미있음,"재미, 게임",1
2026-01-20,browndust2,전략RPG,d628b4ec-8917-4e88-9e23-fe9b3223bd7c,4,"게임이 좀 불친절하고, 장비창 UI가 보기 힘듭니다. 편의성 개선만 해주면 좋을것같네요.",밸런스,중립,"유저가 게임이 불친절하고, 장비창 UI가 보기 힘든 점을 언급했다. 하지만 게임 자체는 잘 만들었다는 내용이다.","게임, 불친절, 장비창 UI",3
2026-01-13,browndust2,전략RPG,2359582f-2195-4dae-afcc-d176f7b6dec9,5,처신 잘해여~.,밸런스,긍정,개발사가 잘 한다는 리뷰입니다. 긍정적인 언어를 사용했습니다.,"처신, 긍정",2
2026-01-24,browndust2,전략RPG,9aa5b64a-c453-4d93-a609-be0ecfd1fe0f,2,"일러스트 모아둔 앱, 메인 스토리는 그냥 서브 스토리를 메인으로 붙여놓고 메인이라고 하는 중, 이용자 많아지기 전에 전체 스토리 초기화 하던가, 그냥 기존 방관만 하는거 밀고 나가던가 둘 다 처 할려고 22지역 부터 등장하는 플레이어가 뭐냐, 앞 선 2년 시간은 뭐하는 거였음? 그리고 다른 세계관이라고 그냥 이 말로 다 해결, 개 같은 소리하고있네, 비실비실 할 때는 아이고 유저님 하다 이용자 최고점 찍으니 바로 개벌레 유저들 취급 ㅋㅋ",밸런스,부정,현재 게임의 스토리와 진행 방식에 불만을 가진 리뷰입니다. 이용자 수가 많아지기 전에 전체 스토리를 초기화하거나 기존 방식을 고수해야 한다고 주장합니다.,"스토리, 초기화, 이용자",5
2026-01-15,browndust2,전략RPG,2b1b21bb-a1bc-41be-bd9f-53e04a98a302,5,처음엔 똥망이었으나 이젠 버그도 거의 없고 편의성도 좋아짐. 생각보다 잼있어서 가볍게 오래할수 있을듯 (24.1.18) 여전히 할만함 새로운 컨텐츠가 계속 추가되고 개발사도 적극적으로 의견 반영하는거 보니 롱런할 게임으로 보임 (24.3.12) 지금은 갓겜 된듯 흥해라 오랫동안 (26.1.15) 유저가 폐사하면 먼저간 리베가 스킨들고 마중나온다는 얘기가 있다. 난 이 얘기를 참 좋아한다,밸런스,긍정,초기에 버그가 많았으나 지금은 거의 없어지며 편의성도 좋아졌다,"버그, 편의성, 개발사",2
2026-01-12,browndust2,전략RPG,af97ce69-f740-43de-9ff5-1b38cbe77896,5,GOAT 운영 아주 잘~했었는데 이번엔 잘하셨습니다. 감사합니다,운영,긍정,게임 운영이 잘되고 있다고 칭찬하는 리뷰입니다.,"운영, 칭찬",1
2026-01-15,browndust2,전략RPG,c216107a-182a-4c93-b3a3-c789e7de3864,1,처음부터 안그랬으면 얼마나 좋았어. 다신 검열 같은 거 하지 마세요.,운영,부정,검열과 같은 정책이游戏의 즐거움을 저해합니다.,"검열, 정책",5
2026-01-25,browndust2,전략RPG,fde296d9-c9bd-44b3-b14f-79828940036d,5,운영자님 세헤라자드랑 벤티나 호감도 나오게 해주세요 기대하겠습니다,운영,긍정,운영자의 이벤트에 대한 기대감을 표현함,"호감도, 이벤트",2
2026-01-28,browndust2,전략RPG,dc689056-7700-4c51-b1fd-2c1c648db04c,5,잼써,운영,긍정,게임이 재미있음,재미,2
2026-01-19,browndust2,전략RPG,ea02617d-4662-43d8-9587-f8b8b924cbff,5,게임시작시 자꾸 튕기는데 원인이 뭘까요?,서버,부정,유저가 게임 시작시 자꾸 튕기는 문제를 겪고 있다.,"게임, 튕김, 서버",4
2026-01-16,browndust2,전략RPG,8b05801d-6846-4695-a71f-aae60d697537,5,갓겜ㅋㅋ,BM,중립,리뷰가 極히 짧다.,,1
2026-01-12,browndust2,전략RPG,38c74062-945d-47e9-95ae-fac02a26f7c0,5,saved for now... dont ever censor stuff again.. you have good game in your hand.. keep it up..,운영,긍정,SENSORSHIP 없이 게임을 진행해달라고 요청하며 게임이良다는 리뷰입니다.,"SENSORSHIP, 게임",3
2026-01-17,browndust2,전략RPG,097bbcf8-8537-4604-8e72-6d8816ce651b,1,아니 뽑기 이벤트 기간 남겨놓고 판매 종료 시키는건 뭔가요,운영,부정,销售 종료를 일방적으로 결정한 것에 대해 불만을 표시,"销售 종료, 뽑기 이벤트",4
2026-01-16,browndust2,전략RPG,2c2da09c-ac81-43f5-a220-383c19f1be07,1,일방적통보 실망입니다,운영,부정,일방적인 통보에 실망,일방적통보,4
2026-01-16,browndust2,전략RPG,c035b908-53ec-44b7-be8e-87b29e429bb8,1,가슴이 벅차긴 하네요 훠훠,BM,부정,게임의 어떤 측면에도 만족하지 못한다.,,1
2026-01-21,browndust2,전략RPG,9b2e4602-5d81-4eb2-9917-eadd6cdb3494,5,2.5주년 유입임 촉수플 미쳤구요,강화,긍정,2.5주년 유입이 게임의 촉수플을 즐기고 있다.,"2.5주년, 유입, 촉수플",1
2026-01-18,browndust2,전략RPG,8ca8c838-8e33-4a45-bce3-da2760a8f7c1,5,재밌어요,BM,긍정,유저가 게임을 즐기고 있다.,"게임, 재미",1
2026-01-21,browndust2,전략RPG,79d51752-9097-46c6-87b8-b94baf83e644,1,"뭐 PC 클라 로그인 오류 물어본 게 여섯 달 동안 대답 하나 못 할 만큼 현학적이고 어려운 질문이었나? 찾아보니까 나 같은 케이스는 QA에 적혀 있는 것도 없더만 ㅋㅋㅋㅋㅋ 아니 뭐 씨앗 내가 뭐 보상이라도 해달라고 땡깡을 부렸어? 오류 났다는데 대체 무슨 억하심정이 있어서 대답조차 안하냐고!!! 씨앗 못하겠으면 못하겠다고 말이라도 해. 지웠다 깔았다 2번 처 했는데도 해결 안되는데 뭐 답변은 없고 니들 주년이라고 패키지 내는 것만 관심 있고 유저 관리는 읏도 안하는 ㅋㅋ겜 ㄹㅇ 어이가 없다 그냥. +또 속는 사람 있을까봐 2026년 경과 올립니다. 저 메일 주소는 회신용이고, 보내도 답신이 오는 일은 없습니다. 고객센터는 인게임에만 있고, 제대로 된 답변도 없습니다. 이제는 모바일 클라이언트 로그인도 오류가 생겼습니다. 이건 뭐 접으라는거죠...",운영,부정,유저가 PC 클라 로그인 오류에 대한 고객센터의 답변을 기다렸지만ตอบ변 없다는 내용이다. 운영팀의 대응이 부족하다는 내용이다.,"로그인 오류, 고객센터, 운영",5
2026-01-15,browndust2,전략RPG,b20f62f2-68ee-46e6-b2db-7ddc09b4834f,5,머꼴 일러 재미있는 스토리 혜자 재화 수급과 넉넉한 사료,강화,긍정,재미있는 스토리와 넉넉한 사료 등 게임이 좋다,"스토리, 사료, 재화",1
2026-01-17,browndust2,전략RPG,49f416e9-3f68-42c6-a699-dc22d1757cfa,4,좋다 근데 게임내 설명이 엄청 친절하진않음 일러보는 맛이 있는데 유교 국가라...아쉬움. 오래오래 서비스 해주세요,강화,중립,"게임이 좋지만, 게임 내説明이 친절하지 않다.","게임, 설명",3
2026-01-30,browndust2,전략RPG,adff4fc2-6ddf-4f3f-a916-4a19ef061379,1,최적화가 이정도로 끔찍한 게임은 처음입니다 사양을 낮췄는데도 플레이 불가능하게 버벅이고 명조보다 프레임이 안나옵니다 니들 게임 문제는 유저 신뢰 문제나 젖보똥팔이 문제만 있는게 아니에요,BM,부정,최적화가 안 되어서 게임을 즐길 수 없었다.,"최적화, 게임",5
2026-01-16,browndust2,전략RPG,4406ed65-e086-4e1c-a6b4-0f8a04b4f30d,1,"장점: 일러, 성우 연기, 라이브 2D 단점: 이 모든걸 죽이는 검열 시도, 유저 간 보기.",운영,부정,게임의 장점이 있지만检열 시도와 유저 간 보기 때문에 게임이 망했다는 리뷰입니다.,"검열, 유저 간 보기",5
2026-01-15,browndust2,전략RPG,91817616-6ed3-4302-ac36-1380d01d77b3,1,별로.....,BM,부정,게임이 별로 없음,"별로, 게임",1
2026-01-12,browndust2,전략RPG,88a9ea5c-26ae-4f5b-bbb3-fefe51eebba1,5,운영좀 잘해주세요,운영,부정,운영을 잘해달라고 요청하는 리뷰입니다.,"운영, 개선",4
2026-01-12,browndust2,전략RPG,cd828c8e-ff6f-406c-8067-512712ab2e0e,5,잘하자 제발 ! 좋앗다,운영,긍정,게임회사가 잘 해주길 바라는 리뷰입니다. 사용자는 게임회사가 문제를 해결하길 바랍니다.,"게임, 문제, 해결",4
2026-01-15,browndust2,전략RPG,cac470be-26a3-42f6-ad2a-abd5fcbb3a92,5,스토리 joat 게임성 joat 일러스트 goat 'but' 우리양지갈끄니까~검열빔 JOAT 사라지십시오 였지만 검열 철회및 스페셜 스킨 무료배포 GOAT,강화,긍정,"스토리, 게임성, 일러스트가 좋으나 검열이 사라져야겠습니다. 스페셜 스킨 무료배포는 만족스럽습니다.","스토리, 게임성, 일러스트, 검열",4
2026-01-19,browndust2,전략RPG,6fd74ca2-6c90-4b9c-8077-228da29edd13,5,"게임은 재밋는데, 최적화좀 해주세요 렉걸릴 게임은 아닌거같은데 가끔멈추고..",서버,중립,"유저가 게임이 재미있지만, 최적화가 필요하다는 의견을 제시했다.","게임, 재미, 최적화",3
2026-01-29,browndust2,전략RPG,a30eb4d8-f906-43a5-a070-18d363d334f1,5,좋습니다,운영,긍정,게임이 좋음,좋음,2
2026-01-30,browndust2,전략RPG,bdd80680-28ac-432b-bf23-b60851fe071f,2,과금해보았는데 최근 게임 진행 불가능할 정도로 튕김현상과 렉이 심각함,서버,부정,과금 후 게임 진행이 불가능할 정도로 튕김 현상과 렉이 심각함,"과금, 튕김, 렉",5
2026-01-15,browndust2,전략RPG,5ff152d2-be99-4133-acc0-c465611a1ee3,5,ㅈ대농.....🥹,BM,긍정,게임이 좋음,"좋은 게임, 재미",1
2026-01-15,browndust2,전략RPG,f29225a2-019e-4d79-adcb-432c6b6cd7d7,5,검열관련 그래도 잘 해결한 편인데 별점이 낮은거보니 마음이 아파서 5점 드립니다,운영,긍정,검열 관련 문제가 잘 해결되었다,"검열, 해결",3
2026-01-12,browndust2,전략RPG,8820d378-0da9-46db-bb3d-e2e287d68c54,5,제발 헛짓거리만 하지 맙시다,운영,긍정,게임회사가 헛짓거리하지 않길 바라는 리뷰입니다. 사용자는 게임회사가 잘 관리되길 바랍니다.,"게임, 관리, 헛짓거리",3
2026-01-22,browndust2,전략RPG,8a12ead8-2428-444f-a368-9a28d71c756b,4,"나이트메어 윈터 이벤트팩 진입후 게임이 팅기고 있는데, 지금 시작시 이벤트팩에 바로 진입되면서 게임이 안켜지고 있습니다.",서버,부정,"나이트메어 윈터 이벤트팩을 진입한 후 게임이 팅기는 현象을 경험하고 있으며, 게임 시작 시 이벤트팩에 바로 진입되어 게임을 spielen할 수 없다는 리뷰입니다.","나이트메어, 이벤트팩, 팅기기",5
2026-01-12,browndust2,전략RPG,c0925cc2-6fe4-4fd8-9b95-ae7221bba5c2,5,한번만 봐준다,운영,중립,한번만 봐주겠다는 리뷰입니다.,"한번, 봐주기",2
2026-01-22,browndust2,전략RPG,57f8ddb9-5128-443f-8f27-ebfb0fbd68cb,5,일러가 이쁘네요 신규유입입니당,BM,긍정,"신규 유입으로 게임을 시작하였고, 일러스트가 예뻐서 만족하는 리뷰입니다.","일러, 신규유입",1
2026-01-15,browndust2,전략RPG,6d940838-65a0-4ee3-9304-c305673418a4,1,근데 한번 대가리박았다고 또 안박을거 아닌 새끼들이 모인 곳이라서..,강화,부정,대가리박았다고 또 안박을거 아닌 새끼들이 모인 곳이라서라는 리뷰입니다.,대가리박았다,4
2026-01-15,browndust2,전략RPG,dc7f253d-ed9b-4509-8612-6438f14297d4,5,최적화가 별로고 자잘한 버그가 너무 많습니다. 열심히 개선해주시길,밸런스,부정,최적화와 버그 개선이 필요합니다.,"최적화, 버그",5
2026-01-25,browndust2,전략RPG,0ab649e1-15e2-49aa-991e-dffda022b1d8,3,폰에서 버그가 있다고 게임실행이 되지 않습니다 어떻게 해야되나요? 폰은 Z폴드7입니다,서버,부정,게임 실행 시 버그가 발생함,"버그, 실행 안 됨",5
2026-01-12,browndust2,전략RPG,98a71386-5f42-4f0c-95b2-5b8ba14b0ab1,3,못 믿음직하더라도 지켜봐야겠다,밸런스,중립,게임을 지켜보겠다는 리뷰입니다.,"게임, 지켜보는",2
2026-01-16,browndust2,전략RPG,43590325-4a79-4e80-86fc-19a09bc679c5,4,글루톡들어가면 튕깁니다. 업데이트 이후로 생긴 문제인 거 같아요,강화,부정,업데이트 이후로 글루톡进入하면 튕긴다.,"업데이트, 튕김",4
2026-01-12,browndust2,전략RPG,199fea98-d73f-4332-9aa3-dbe455b10afa,1,부족한 게임은 할 수 있어도 사기꾼의 게임은 못 한다,강화,부정,게임의 부족함을 언급하며 개선했으면 좋겠다는 리뷰입니다.,"부족, 개선",5
2026-01-17,browndust2,전략RPG,238d3d68-bfa2-465c-8f69-604cc6d646e8,5,계속 재밌게 하고 있습니다 앞으로도 운영부분에서 이번 실수같은건 하지 말아주세요,운영,긍정,"계속 재밌게 게임을 즐기고 있지만, 앞으로는 운영 부분에서 실수를 하지 않았으면 좋겠다는 리뷰입니다.","재미, 운영",2
2026-01-15,browndust2,전략RPG,fae479bb-70fa-4feb-bbaf-c84ce09bbdec,5,수헬 유입인데 검열 공지듣고 실망해서 별1개 드림 검열 취소랑 깔끔한 대응보고 5개로 수정함,운영,긍정,검열 철회와 깔끔한 대응으로 게임을 재즐기고 있습니다.,"검열, 철회, 대응",4
2026-01-15,browndust2,전략RPG,304fdfb5-bb30-4040-9914-7cf6fbaaca56,4,다좋다~~~ 폰 뜨거워지는거 빼면,밸런스,긍정,전체적으로 좋지만 폰의 뜨거워짐이 문제임,"좋은 게임, 폰 뜨거워짐",2
2026-01-16,browndust2,전략RPG,a36f0ed4-b105-4374-b9fd-afe88c225235,2,"검열 미수, 추가적 검열 위험 만연.",검열,부정,검열로 인해 게임이 망했다는 리뷰입니다. 검열 위험이 존재한다고 합니다.,"검열, 위험",5
2026-01-17,browndust2,전략RPG,d4f02e1b-f709-4714-b201-e62ff679d8b4,4,전에 악플을 한가득 썼는데 이것 저것 열심히 해서 다시 쓴당 잘 하는건 모르겠지만 열심히 하고 있네,운영,중립,"前に悪い 리뷰를 적었지만, 게임을 더 개선해서 좋은 방향으로 진행되고 있다라는 리뷰입니다. 아직까진 게임의 질은 모르겠지만, 노력하는 모습이 보인다고 합니다.","게임개선, 노력",3
2026-01-17,browndust2,전략RPG,83eb6b57-6151-43d7-a27d-303c0d260d84,5,설레는 모험,운영,긍정,"모험이 설레다는 짧은 리뷰입니다. 게임이 재미있고, 흥미로운 모험이라는 의미로 해석됩니다.","모험, 설렘",1
2026-01-26,browndust2,전략RPG,7cc689a4-2565-4be4-9232-baebef8cc286,4,대꼴겜이라 손은 가는데 접속 후에 겜이 어려워서 다시끔,BM,중립,게임이 어려워서 다시끔 했다고 한다.,"대꼴겜, 어려움",2
2026-01-24,browndust2,전략RPG,403331a8-345c-4e07-bd16-eca695a02339,5,스토리는 꽤 볼만한데 대본 쓰신 분 저희랑 우리 구분 못하나요? 되게 거슬리네요. 저희나라 사람들 앞에서 저희나라 대한민국 하실 분이시네요.,BM,긍정,게임의 스토리가 볼만하지만 일부 대사가 거슬림,"스토리, 대사",2
2026-01-13,browndust2,전략RPG,75fa3d9f-1493-4c5b-a335-13588a764541,5,잘해라 이번이 마지막이다,,,,,0
2026-01-12,browndust2,전략RPG,06b18b4a-8993-4c0b-bed1-e122f6c7a263,5,정상화,서버, 긍정,서버 정상화가 필요,"서버, 정상화",5
2026-01-13,browndust2,전략RPG,e84a8994-2dd6-4f87-8cfc-9b0466412ccc,2,"일러, 컷신 검열 취소고 뭐고 할거없는건 여전함. 최적화는 말할 것도 없고 숱한 버그들은 방치, 재련 싸움으로 변모하고 버프 딸깍과 광범위 딜러 및 단일 타겟 딜러만 사용하며 전략성과 게임성을 잃어버린지 오래인 엔드컨텐츠 마추와 길레, 버려진 PVP인 거울세계, 낚시랑 광장 쪽은 패치 초기니까 말 아낌 ㅇㅇ 황투 정도는 맘에 듦. 귀찮긴해도 플탐 대부분을 차지하는 제압런은 곧 패치로 줄어들텐데 검열과 검열취소라는 일련의 과정으로 신뢰를 잃은 이상 언제까지고 아트 가지고 먹고 살 수 없음. 브더2만의 다른 매력을 계속 찾고 해야 할 이유를 찾아야됨. 내실 다질거라는 얘기 잘했음. 궤도에 오르기 전까지 15클 하던거 10무원만 할거고 월정액 마저도 안쓸거임. 지체되면 접을거고 ㅇㅇ",,,,,0
2026-01-29,browndust2,전략RPG,a3636974-c490-4758-bf4f-2afff9ad9626,2,업데이트를 할수록 휴대폰으로 하는건 불편한 겜으로 변하는거슈같네요. 피시로 히면 문제없는데 유독 휴대폰으로 하면 업데이트도 느리고 실행도 느리고 버벅거리고 참.. 그리고 유튜브랑 같이 키면 끊기곺다른게임은 안그런데ㅠ이것만 유독 심하네요.,서버,부정,휴대폰으로 게임할 때 업뎃과 실행이 느리고 버벅임,"휴대폰, 업뎃, 버벅임",4
2026-01-15,browndust2,전략RPG,f3b9f742-ec67-4087-bbd3-d2cdcbd04fd5,5,유저들과 소통하며 성장하고 있습니다,운영,긍정,유저들과 소통하며 게임이 성장하고 있습니다.,"유저, 소통, 성장",2
2026-01-16,browndust2,전략RPG,b10b4b56-0ced-4f79-aa5d-400bc345df95,5,운영에 진심 이신 분들이고 개선사항과 유저의견을 잘반영하는 중인데 자금 관련 문제 로 실현이 더딘건 어쩔수없다 봅니다. 일단 오프라인 행사도 자금회수 신규유입 차원에서 한거같은데 너무 집요하게 물어뜯지 안았으면 싶네요 그래도 본인이 하는 게임하고 더욱 흥해서 좋은 결과 있으면 좋은거 아닙니까?? 검열우 특정국가에서 심의 걸리면 앞으로 운영에 지장있으니 쩔수없었다봅니다.. 기왕 본인이하는게임 흥하고 롱런하면 좋은거 아닙니까 ~ 좀더 믿고 응원해봅시다 앞으로도 잘부탁드린다는 의미에서 별 5개드립니다,운영,긍정,게임 운영과 유저 의견,"운영, 유저 의견, 자금",2
2026-01-26,browndust2,전략RPG,18a98fd7-d39d-48db-ae74-c0bb6920d582,5,재밌다,BM,긍정,게임이 재미있다고 생각한다.,재밌다,1
2026-01-29,browndust2,전략RPG,fec22bab-6750-4b71-8946-18f3a02c73bc,3,최적화는 진작에 갖다버렸나보네요 기종차이도 있겠지만 광장 자체가 최적화가 안 되어있어서 접속 때 렉이 굉장히 심하고 그랬는데 이번 업뎃으로 배터리 다는 속도만 봐도 심각해졌다는 게 느껴지네요 전보다 최소 2배에서 3배 정도 폰이 받는 부담이 늘어났는데 대체 뭘 어떻게 하길래 업뎃된 게 없는데 이렇게 부담을 많이 받는지 전혀 이해가 되질 않네요,서버,부정,최적화가 안되어있고 업뎃으로 인해 폰의 부담이 심해짐,"최적화, 업뎃, 부담",5
2026-01-17,browndust2,전략RPG,4883b066-986a-4bd2-8710-8cd1e47faaf7,5,모바일은 이 게임으로 정리되는 듯,BM,긍정,모바일 게임은 이 게임으로 정리될 것 같다,"모바일, 게임",2
2026-01-17,browndust2,전략RPG,aeb18d48-4842-47bb-8aca-ee1f20b53f1e,5,"가볍게 하는 입장에서는 참 좋은게임인거 같습니다. 재화 부족도 없고 1년 반? 동안 하면서 프레스티지 스킨의외에 재화같은거에 현질 할 생각은 들어본적도 없을만큼 풍족해요. 다만 게임 내에 물리 , 마법 뭐 이렇게 크게 둘이 나눠져있는데 저는 물리팀에 물리캐 중에서도 취향에 적합한 친구들과 버퍼들만 키우고 있기 때문에 물리 , 마법 둘다 키우려면 재화가 부족할 꺼 같긴하네요 근데 뭐 둘다 키울정도로 할꺼면 이미 가볍게는 넘었으니 알아서 판단하세요 그래도 최근들어 캐릭터 컷씬 , 상호작용 등이 더 과감해져서 이제야 진짜 성인게임 타이틀을 달수있지 않나 생각합니다 쨋든 할꺼면 프레스티지 스킨도 뿌리는 지금 시작하세요",BM,긍정,게임을 가끔하는 입장에서 볼 때 게임이 좋다. 하지만 물리팀과 마법팀을 동시에 키우는 건 재화가 부족할 수 있다.,"게임, 가벼운, 재화",3
2026-01-25,browndust2,전략RPG,aba2eb4e-77b7-45fc-b4ab-2d16410decfc,5,스토리 흥미진진하고 일러스트가 훌륭합니다,스토리,긍정,게임의 스토리와 일러스트가 훌륭하다고 생각함,"스토리, 일러스트",1
2026-01-13,browndust2,전략RPG,d8286296-f5f7-42de-af8e-a6a7a95c54c1,5,내 인생 최고의 겜. 쁘,BM,긍정,게임에 대한 만족도를 표현한 리뷰입니다.,최고의 겜,2
2026-01-16,browndust2,전략RPG,a29bdbd8-ba9e-401d-9b5f-884d4a027532,1,스킨 전부사고 애정이 되게 깊었습니다. 다만 이번 라이브를 통해서 식어버리게 되었습니다. 지금까지 상호작용과 함께 캐릭터에 애정을 가지고 플레이 했지만 더이상 이건 못참을것 같습니다. 지금까지 쌓았던 모든 서사와 믿음이 지금 그 라이브의 태도로 이미 다 무너진거죠. 제가 검열당하고 없어지고 욕먹는 게임에 돈을 쓰는게 맞나요?,운영,부정,라이브의 태도에 실망했다. 게임의 모든 서사와 믿음이 무너졌다.,"라이브, 태도, 서사, 믿음",5
2026-01-15,browndust2,전략RPG,aea4b36c-2bdd-4672-93b0-ff9bf9c642f7,5,1점도 아깝다,BM,부정,리뷰 내용이 부정적이지만 매우 корот다,별점,1
2026-01-12,browndust2,전략RPG,a392e885-a041-4362-a660-7c9660c882c9,4,성인겜인데 스타킹 신었다고 검열하는 역대급 어머없는 게임이였지만 26.01.12일 방송에서 검열철회를 함,,,,,0
2026-01-12,browndust2,전략RPG,25e1d679-c353-459b-96e7-a0dc4807883e,1,개발자들이 일베인 게임이 있다!?!,강화,부정,개발자들이 문제가 있다고 언급하는 리뷰입니다.,"개발자, 문제",5
2026-01-14,browndust2,전략RPG,be6bab7e-1291-4fba-a7bd-fdd4b681305e,5,허나 의심의 씨앗은 뿌려졌다,밸런스,부정,의심의 씨앗이 뿌려졌음에 불만이 있다.,"의심, 불만",3
2026-01-26,browndust2,전략RPG,dcba6acc-7480-4bc5-96fd-1a17227b85e6,5,최근 생긴 검열 건에 대한 건 일개 유저가 해결할 수 있는 일은 아니라 열심히 해주는만큼 고맙고 좋습니다. 그런데 도대체 낚시는 어떻게 하면 서리 해협에서 1500m짜리를 포획할 수 있을까요? 11렙에 낚시대 이런거 저런거 다 써봤는데 조개로 막히고 얼려지는 패턴 한번이라도 생기면 그냥 못잡는데.. 그냥 노가다해서 레벨을 올린 다음에 다시 시도해야 할까요? 낚시 자동으로 돌릴 수 있길래 폰 뜨거워지면 끊고 다시 돌리고 반복해서 11레벨까지 온거거든요..,강화,중립,"게임의 낚시 시스템이 어렵고, 레벨을 올려야 낚시를 할 수 있을지 모른다.","낚시, 레벨",3
2026-01-29,browndust2,전략RPG,2c2d48c1-ea11-4636-b9a9-24b6c917f726,5,신사적이에요,운영,긍정,신사적이라는 의견을 남김,신사적,1
2026-01-12,browndust2,전략RPG,0aa229e6-5c69-4cc9-9d76-de5b806a6054,3,신뢰 회복에는 시간이 필요합니다. 신뢰회복을 위해 노력하는 모습과 좋은 업데이트로 평점을 다시 수정할 마음이 들도록 노력해주세요,운영,중립,신뢰 회복을 위해 노력해야 함,"신뢰, 운영, 노력",4
2026-01-29,browndust2,전략RPG,d68fe41d-52a5-4344-88a2-b7ab81b6cc7d,5,감사합니다감사합니다감사합니다감사합니다감사합니다감사합니다감사합니다감사합니다감사합니다감사합니다감사합니다감사합니다감사합니다감사합니다감사합니다감사합니다감사합니다감사합니다감사합니다감사합니다감사합니다감사합니다감사합니다감사합니다감사합니다감사합니다감사합니다감사합니다감사합니다감사합니다감사합니다감사합니다감사합니다감사합니다감사합니다감사합니다감사합니다감사합니다감사합니다감사합니다감사합니다감사합니다감사합니다감사합니다감사합니다감사합니다감사합니다감사합니다감사합니다감사합니다감사합니다감사합니다감사합니다감사합니다감사합니다감사합니다감사합니다감사합니다감사합니다감사합니다감사합니다감사합니다감사합니다감사합니다감사합니다감사합니다감사합니다감사합니다감사합니다감사합니다감사합니다감사합니다감사합니다감사합니다감사합니다감사합니다감사합니다감사합니다감사합니다감사합니다감사합니다감사합니다감사합니다감사합니다감사합니다감사합니다감사합니다감사합니다감사합니다감사합니다감사합니다감사합니다감사합니다감사합니다감사합니다감사합니다감사합니다감사합니다감사합니다감사합니다,운영,긍정,감사함을 여러 번 表達,감사,1
2026-01-12,browndust2,전략RPG,25358cd1-efe8-4bde-8b98-f7d842824dfd,4,"어제 해외쪽에서 1점 리뷰 남긴 사람입니다. 뭐 1점 리뷰 남긴 사람이 한둘이 아니라 기억하실진 모르겠지만, 어쨌든 대처는 잘 하신거같네요. 검열 삭제, 무료 100연차에 다이아 16000개였나, 그리고 리베 스킨까지 무료로 주신다니 타격은 크겠지만 기본적인 신뢰는 어느정도 되찾으셨으니 불행중 다행이네요. 이젠 저도 말을 아끼도록 하겠습니다만, 아직 100%의 신뢰도를 얻은게 아니니 1점만 깎아두고, 후에 하는거 봐서 조용히 5점으로 올리겠습니다. 빠른 대처 감사합니다.",강화,긍정,대처는 잘 하셨고 기본적인 신뢰는 어느정도 되찾으셨습니다. 하지만 아직 100%의 신뢰도를 얻은게 아니므로 1점만 깎아두겠습니다.,"대처, 신뢰, 신뢰도",4
2026-01-28,browndust2,전략RPG,b8e688d7-079f-48c8-ac3b-4f469749e9ac,5,"이만한 게임이 없음. 이벤트도 혜자고, 일간 숙제도 가볍고, 머리쓰는 맛, 돈 쓰는 맛 다 있고, 캐릭터, 스킨도 예쁨. 심지어 스토리랑 2d 그래픽도 준수하고, 중간중간 애니메이션 삽입하는 정성까지. 앞으로도 화이팅입니다!",밸런스,긍정,"이벤트, 일간 숙제, 캐릭터, 스킨等이 좋으며, 스토리와 그래픽도 준수하다고 생각한다.","이벤트, 숙제, 캐릭터, 스킨",1
2026-01-15,browndust2,전략RPG,672f241a-a247-4f86-b262-a1086678d1aa,5,쁘 ㅋㅋ,BM,긍정,리뷰 내용이 이해되지 않으나 높은 별점,별점,1
2026-01-24,browndust2,전략RPG,a36e38b9-9b35-4aef-8689-896d649d9106,5,굿,BM,긍정,게임이 좋음,"굿, 게임",1
2026-01-22,browndust2,전략RPG,b861cb69-77ee-4e6c-a07d-6332871c85bf,5,가슴벅차다,운영,긍정,게임을 즐기고 있음을 표현한 리뷰입니다.,가슴벅차다,1
2026-01-20,browndust2,전략RPG,877a323d-017b-4b99-b978-c5afc01a54bc,5,굿굿굿베리굿,BM,긍정,유저가 게임을 매우 긍정적으로 평가했다.,"게임, 긍정적 평가",1
2026-01-18,browndust2,전략RPG,f3258942-9047-494c-815d-eaaab70b561f,2,뭔 버그가 업데이트 때마다 있냐. 검수 똑바로 안함?,강화,부정,"버그가 많고, 게임 검수가 제대로 이뤄지지 않는다.","버그, 검수",5
2026-01-12,browndust2,전략RPG,96824b26-66a6-4d05-ad59-1e29a8b280f9,5,오케이 한번만 봐줄게요,운영,긍정,한번 더 게임公司를 믿어보기로 한 리뷰입니다. 사용자는 게임이 잘改善되기를 바랍니다.,"믿음, 게임,改善",3
2026-01-13,browndust2,전략RPG,d89aee92-50c8-4474-89b0-ef55308c2620,5,한번만 더 믿습니다 처신 잘 하십쇼,밸런스,긍정,개발자를 믿는다는 리뷰입니다. 긍정적인 언어를 사용했습니다.,"처신, 믿음",2
2026-01-15,browndust2,전략RPG,4934d1df-c83a-4b8b-9e36-ee1e540bef80,5,오늘 유스티아 스킨 샀습니다 감사합니다.,강화,긍정,유스티아 스킨을 구매하여 만족하였다.,"유스티아, 스킨, 구매",2
2026-01-16,browndust2,전략RPG,a07b3e93-7c55-40e2-b27b-a2099a381713,1,무한로딩 수십번 켜도 무한로당 때문에 게임 시작조차 못하고 처음 화면에서만 머뭅니다. 고쳐주십셔 제발...,서버,부정,게임 로딩 문제,무한로딩,5
2026-01-17,browndust2,전략RPG,f8057ecc-3ddc-413a-bbf3-8a2c83847ff6,5,갓겜,BM,긍정,게임을 즐기는 유저의 감상,갓겜,1
2026-01-15,browndust2,전략RPG,593047b1-78db-468d-804c-7b1f62a96ee0,1,지금 게임이 시작되지 않고 있습니다 8시부터 계속 게임에 접속이 되지를 않고있습니다. 확인 부탁드립니다,서버,부정,"게임이 시작되지 않음, 8시부터 접속되지 않음","게임 시작, 접속 안됨, 서버",5
2026-01-16,browndust2,전략RPG,49eb4488-48d4-4f5f-9f88-edea44d44ed4,5,정상화가 진행되길 바랍니다,서버,중립,정상화가 진행되길 바랍니다라는 리뷰입니다.,정상화,3
2026-01-13,browndust2,전략RPG,0917fae7-f83c-4a39-8bd4-44767d84c822,1,검열하는 애터미진게임,운영,부정,개발사의 운영 방식에 불만을 가진 리뷰입니다. 부정적인 언어를 사용했습니다.,"검열, 운영",5
2026-01-16,browndust2,전략RPG,023827eb-aa46-43b6-b97a-f86fdfc7e3ab,5,유져들 의견을 받아들여 열심히 발전을 거듭해나가는개 보인다. RPG요소와 머리쓰는 전투 이쁜 일러스트를 원한다면 한번쯤 해볼만하다. 케릭터 뽑을 재화 은근히 잘준다 꼬박꼬박 일퀘만 깨자 강화 재화도 생각보다 잘 쌓인다 본인은 주는 재화로만 한정케 다 뽑았다 이상.,운영,긍정,게임의 발전과 유저 의견,"유저 의견, RPG, 일러스트",2
2026-01-15,browndust2,전략RPG,49df2578-45d5-4bd8-9860-074760b88dce,5,굳,밸런스,중립,굳이라는 리뷰입니다.,굳,1
2026-01-12,browndust2,전략RPG,54396a5e-1aea-44b9-861c-499a432c80ce,5,이번 긴급라방에서 한 결단에 대해 감사드리는 바입니다,운영,긍정,긴급ラ방에서 한 결단에 대해 감謝,"운영, 긴급ラ방, 결단",4
2026-01-13,browndust2,전략RPG,a9087aea-0711-4d2d-98a6-6db01eafd790,5,검열을 이겨냈다 쁘!,운영,긍정,검열을 이겨냈다.,"검열, 승리",3
2026-01-12,browndust2,전략RPG,74827b6b-319c-4d0c-af7b-aeeff5b95950,4,잘하자,운영,중립,게임을 잘 해주길 바람,"게임, 운영",3
2026-01-24,browndust2,전략RPG,337c8e3e-d330-4a60-b4a2-4a14d83445b9,5,무료재화로도 얻을수있게 해줌. 캐릭뽑이 아닌 코스튬뽑이라는 개념이 처음엔 생소했음. 즐기기엔 좋은게임인듯,밸런스,긍정,무료 재화로도 얻을 수 있는 게임의 밸런스를 좋음,"무료 재화, 밸런스",1
2026-01-13,browndust2,전략RPG,d4837797-a3a0-48a3-aae3-c4854dd90ff1,5,부활,밸런스,중립,리뷰어의 의견이 부족한 리뷰입니다.,,1
2026-01-15,browndust2,전략RPG,ac6da6be-9583-439b-bbd7-41e8920ff0d6,5,너무 재미이썽유우우우,BM,긍정,게임이非常 재미있음,"재미, 게임",1
2026-01-16,browndust2,전략RPG,aa1c9b46-58cb-4e9a-a4c1-25bca29ff5a1,5,그래 잘하자,운영,중립,그래 잘하자라는 리뷰입니다.,운영,1
2026-01-16,browndust2,전략RPG,613fa7ff-986c-4acb-be32-403d6d806928,5,아이패드용 앱이 맥에서도 검색될 수 있도록 해주세요. 맥에서 아이패드용 게임 잘 돌아갑니다 ~~~~~ 크게 보고 싶어요!!!,운영,긍정,맥에서 아이패드용 게임을 플레이할 수 있기를 바란다. 게임이 잘 돌아간다.,"맥, 아이패드, 게임",3
2026-01-15,browndust2,전략RPG,f55e27fa-e94b-4cba-bbd9-082c28e0e4d8,1,업데이트 이후 엘리제 0 글루톡 진행시 튕깁니다. 글루주점 문제있다니깐요?,서버,부정,업데이트 이후 엘리제 0 진행시 튕기는 문제가 발생,"엘리제, 튕김, 업데이트",5
2026-01-15,browndust2,전략RPG,0b66a004-acb8-4e15-972a-4f64982771b1,5,지켜보겠다,운영,중립,게임을 지켜ボ며 어떻게 될지 지켜볼 것입니다.,지켜보기,1
2026-01-12,browndust2,전략RPG,965da438-0d2e-4e0d-836b-093f5dfc4ca9,5,정상화는 대.준.희,서버,긍정,서버 정상화를 위해 노력 바람,"서버, 정상화",5
2026-01-17,browndust2,전략RPG,ab713d22-63eb-4380-bf84-50ba824f962b,5,세상에 이런 훌륭한 변태가 이런 완벽한 게임을 만들어줬다는 것에 절 3번 올리고 셧업 엔 테이크 마이 머니를 외칩니다,강화,긍정,"게임을 만든 개발자의 노력을 칭찬하는 리뷰입니다. 게임이 완벽하다고 생각하고, 개발자에게 돈을 주겠다고 합니다.","개발자, 완벽한 게임",1
2026-01-14,browndust2,전략RPG,936f4ce9-3ab5-4f16-9ad9-5403c81b663f,1,다 팔아먹고 통수까기,운영,부정,게임이 통수를 치고 있다.,"통수, 불만",5
2026-01-13,browndust2,전략RPG,4f715421-60fb-4745-a60b-5cf88907be48,5,잘하자,밸런스,긍정,개발사가 잘 한다는 리뷰입니다. 긍정적인 언어를 사용했습니다.,"처신, 긍정",2
2026-01-18,browndust2,전략RPG,c79a0869-341c-4f91-b06f-21b6b50e7d21,5,화이팅, 운영,긍정,"게임을 응원하는 リ뷰로, 내용이 없음",,1
2026-01-16,browndust2,전략RPG,1c427a5c-593d-4d73-8331-6ea083cfbc82,5,"그래도.. 항상 소통할려고 하는 자세와 빠른 피드백, 개선할려는 의지가 돋보여서 정말 좋습니다. 이런 기본적인 모습조차 보이지 않는 게임 정말 많습니다. 항상 발전하는 게임이 되길 바래봅니다.",운영,긍정,개발자의 빠른 피드백과 소통 자세가 돋보여서 좋다. 항상 발전하는 게임이 되길 바란다.,"피드백, 소통, 발전",2
2026-01-15,browndust2,전략RPG,f90ddae4-8036-49d5-bb25-f33d7f41904b,5,속시원한 발언과 문제점에 대한 대처 하는 모습보고 복귀항,운영,긍정,문제점에 대한 대처와 속시원한 발언에 만족하여 복귀하였다.,"대처, 복귀, 발언",4
2026-01-12,browndust2,전략RPG,bf67db2e-ddfa-48ef-ba4e-bc1d13150427,5,그래 앞으로 잘하자,운영,긍정,앞으로 게임이 잘 될 것이라는 희망이 담긴 리뷰입니다. 사용자는 게임의未来를 기대하고 있습니다.,"희망, 게임,未来",2
2026-01-15,browndust2,전략RPG,88d7703c-cd96-4b0b-8f81-75639c0ea534,4,편입 성공을 위해 한동안 삭제한다,BM,중립,편입 성공을 위해 한동안 삭제한다는 리뷰입니다.,"편입, 삭제",2
2026-01-26,browndust2,전략RPG,6a934d38-c2fd-4d5e-86aa-8a5cd1cb6ecd,5,일러스트가 훌륭,BM,긍정,게임의 일러스트가 훌륭하다고 생각한다.,일러스트,1
2026-01-24,browndust2,전략RPG,3d55dc9e-cdfd-4f68-ae38-ffddd187b356,3,굿,운영,중립,简单하게 게임을 칭찬하는 리뷰입니다.,굿,1
2026-01-23,browndust2,전략RPG,123492ea-94ec-4755-9388-2b6d613f196b,3,잘합시다..,운영,중립,게임을 잘 해보자는 의지를 나타내는 리뷰입니다.,잘합시다,2
2026-01-18,browndust2,전략RPG,c84cb897-99dc-4035-9b98-beb51f33bd93,5,잘 좀 해봐라, 운영,긍정,"게임을 응원하는 리뷰로, 내용이 없음",,1
2026-01-15,browndust2,전략RPG,44c2d4e0-5e78-4be2-ae74-e7d2da0af7e1,1,남캐아예안내는게맞냐? 어이없네,BM,부정,남캐가 отсутств하는 것이 이해가 되지 않습니다.,남캐,4
2026-01-21,browndust2,전략RPG,40cde814-3212-464c-931e-657850bab8a9,5,검열이 해제된 리뷰 입니다,운영,중립,검열이 해제된 리뷰입니다.,검열 해제,1
2026-01-30,browndust2,전략RPG,fbcde998-a6c5-4d9c-9a3d-d2efba39ee75,5,걍 낚시하고 놀고 있어 낚시가 이상하게도 재밌넹. 레어 물고기들도 쉽게 낚으면 좋겠어. 장난질 당해서 놓치면 스트레스 받아.,강화,중립,낚시 기능이 재미있지만 개선이 필요한 부분이 있었다.,"낚시, 개선",2
2026-01-16,browndust2,전략RPG,e702c103-8889-4fea-bfea-4a21c1ebc651,5,앞으로 잘하자,BM,긍정,게임을 긍정적으로 평가,게임,1
2026-01-15,browndust2,전략RPG,786deacb-e008-4b75-b028-699e9aa8072d,5,굿,운영,긍정,게임이 좋습니다.,,1
2026-01-12,browndust2,전략RPG,828e89a3-ef8e-4414-b95a-e91deb758532,5,이거 갓겜임. 지금 당장 다운로드 ㄱㄱ,운영,긍정,게임을すぐ 다운로드 해야한다고 생각합니다.,"다운로드, 게임",2
2026-01-28,browndust2,전략RPG,4aa6e40f-d4c7-452b-a939-74857b03f862,5,갓겜,BM,긍정,게임이 매우 좋은 게임이라고 생각한다.,갓겜,1
2026-01-15,browndust2,전략RPG,59c1acec-86ad-4b70-849f-5088ab923f55,5,난이게임 애정으로하는거라서 좋다 1.5유입인데 실수할수도있고 병크터뜨릴수도있지 전잼게하고있습니다 쁘더 화이팅,강화,긍정,게임 난이도와 실수할 수 있는 요소를楽し고 있습니다. 게임에 애정으로 즐기고 있습니다.,"난이도, 실수, 애정",3
2026-01-12,browndust2,전략RPG,0ececf5f-3e0d-4f68-8ccf-fc3489db5c50,1,게임을 다시 만들었으면 좋겠습니다. 너무 재미없어요 타격감도 없고 이게 왜 턴제인지도 모르겠어요,밸런스,부정,"게임이 재미가 없고, 밸런스가 좋지 않음","게임, 밸런스, 재미",5
2026-01-12,browndust2,전략RPG,f4b2e0f6-89ad-4ae4-bdba-046df0bda44e,5,"역대급 통수겜 , 스탑럴커라는 이미지를 갖춘 대표적인 게임 - 머리박아서 다시 5점 줌",밸런스,부정,게임이 이전에 문제가 있었다는 리뷰입니다. 하지만 사용자는 게임이改善될 것이라는希望을 가지고 있습니다.,"게임, 문제,改善",4
2026-01-14,browndust2,전략RPG,73c88e49-f144-4e24-a323-d3485efeea9b,5,이번 이벤트 스토리 맵이 예쁨,BM,긍정,이번 이벤트 스토리 맵이 예쁘다.,"이벤트, 스토리, 맵",2
2026-01-12,browndust2,전략RPG,7504246a-6510-48ea-bd64-0ed4589bf007,5,디렉터 정상으로 돌아왔음. 다운ㄱㄱ,운영,긍정,디렉터 정상으로 돌아왔습니다. 다운로드 ㄱㄱ,"디렉터, 돌아옴, 다운로드",2
2026-01-17,browndust2,전략RPG,27fa1fba-940f-4e7d-a6e2-ea934da8b2d3,5,흠 성인게임맛이야 홍보력이 부족한다 할방법이없는게임이네,BM,중립,성인 게임의 맛을 가지고 있는 게임이라고 하는 리뷰입니다. 홍보력이 부족하다는 아쉬움을 나타냅니다.,"성인 게임, 홍보",3
2026-01-15,browndust2,전략RPG,0b6c82c0-a8eb-46fb-bf2e-cac65c71b8b8,1,검열,운영,부정,검열 관련 문제가 있다,검열,4
2026-01-25,browndust2,전략RPG,6cfd9663-7195-4d99-b0f1-6d8d822f9f53,5,초반 플레이중인데 뭐 이것저것 이벤트 많이 터져서 흥미진진하네요,BM,긍정,게임의 초반 플레이가 흥미진진함,"초반 플레이, 이벤트",1
2026-01-17,browndust2,전략RPG,7cd76f92-55cd-47c5-a1de-956abfb1c015,5,운영진의 신념이 많이 오락 가락 하지만.... 게임성도 그닥이지만... 그냥 노력하는 모습이 보기 좋다.,운영,중립,"운영진의 신념이 흔들리고, 게임성도 그다지 좋지 않지만, 노력하는 모습이 좋다는 리뷰입니다.","운영진, 게임성",3
2026-01-12,browndust2,전략RPG,add38d3d-f69c-42b6-9015-2aa9dff9b4bf,5,한번만 더 믿어요.,운영,긍정,한번 더 믿어주길 바람,"운영, 믿음",4
2026-01-12,browndust2,전략RPG,d376ecc5-b332-4631-9964-1b0dd9fa9681,5,한번만 더 속아줄게. 잘하자,운영,긍정,게임에 대한 믿음과 기대가 표현된 리뷰입니다. 사용자는 게임公司가 잘 해줄 것으로 믿고 있습니다.,"믿음, 기대, 게임",3
2026-01-23,browndust2,전략RPG,768ce358-b83c-47ec-a03b-fa0fb81e3c87,5,잘하자,운영,중립,게임을 잘 해보자는 의지를 나타내는 리뷰입니다.,잘하자,2
2026-01-22,browndust2,전략RPG,0aa5907d-d0aa-4d22-a52a-bf6c46bdd49c,5,잘하자,운영,중립,게임을 잘 해보자는 의지를 나타내는 리뷰입니다.,잘하자,2
2026-01-15,browndust2,전략RPG,24e91981-5dfd-4f04-925f-ae037933d46e,5,쪼아요 쪼아요,BM,긍정,리뷰 내용이 이해되지 않으나 높은 별점,별점,1
2026-01-15,browndust2,전략RPG,a5c548d7-dbb5-466a-ad13-a42e44b4e308,1,게임을 업데이트를 했는데 게임이 튕기더니 오프닝에서 않넘어 간다,서버,부정,게임 업데이트 후 튕기는 문제가 발생하여 오프닝에서 진행 불가,"게임, 업데이트, 튕김",5
2026-02-27,browndust2,전략RPG,340b4bcd-a572-4bff-b544-3b9dbd435054,1,"이달의쿠폰 '그'달 되어야 입력 가능한데, 이 악물고 '전'달에 공지로 알려주는 이유가 뭘까? 다음달 되어서 까먹고 입력하지 말라는건가? 1일에 좀 공지하자.",_,_,1_ ,"1_, ",4
2026-01-17,browndust2,전략RPG,0c6c88bc-66ee-4094-b280-e8ac80a4125a,1,솔직히 겜ㄴㅈ에 일러 19 성적의로 어그로 끌러서 하는거지 플래시 겜이 이거보단 더 재밌다,강화,부정,"게임의 일러스트와 성적인 요소가 지나치다는 리뷰입니다. 게임의 재미는 없지만, 성적인 요소를 위해 하는 게임一样 보인다고 말합니다.","일러스트, 성적인 요소",4
2026-01-18,browndust2,전략RPG,533870ae-c568-4518-8c9a-e0c527c80b69,1,최적화좀, 밸런스,부정,최적화가 제대로 안 된 것으로 보인다,최적화,4
2026-01-24,browndust2,전략RPG,fcc6dae4-33ae-4dbc-8dc8-cbcf98d2f759,5,이제야 유저의마음을 이해한게임,운영,긍정,운영자의 유저 마음을 이해한 게임임,"유저 마음, 이해",1
2026-01-13,browndust2,전략RPG,d6494729-3b3f-40cb-8e36-1c77228d6e1e,5,유저와의 소통 역대급 최고,운영,긍정,개발사의 유저와의 소통은 좋다고 리뷰한 것입니다.,"유저, 소통",3
2026-01-12,browndust2,전략RPG,02333c1f-7d1e-4902-9324-cbafa13560dd,5,브라운더스트2 최고의 게임 이대로만 가자이,BM,긍정,브라운더스트2가 최고의 게임입니다. 이대로만 가자입니다.,"브라운더스트2, 최고, 게임",1
2026-01-12,browndust2,전략RPG,a87d160e-068c-46fa-8c6d-0e8c86b3936b,4,정신 안차리지,서버,부정,精神이 안차 リ지 않습니다.,"精神, 안차 리지 않음",5
2026-01-13,browndust2,전략RPG,abf9ebde-ac8e-4009-a0a0-e22737843d42,5,생각보다 재밌어요 유입인데ㅋㅋ,,,,,0
2026-01-29,browndust2,전략RPG,cc9de765-9163-4101-98da-c358f4306074,5,은근히 전략요소가 강해서 하는 재미가 있고 브라운더스트 1이 생각나서 들어와봤다가 너무 다른 분위기에....더 열심히하게 되었던 것 같습니다. 이번에 이슈가 있긴 했지만 그래도 대처를 잘해주어서 좋았습니다. 다만 한가지 아쉬운게 있다면 프레스티지 스킨의 상호작용이 더 많았으면 좋을 것 같습니다. 꼭 그렇고 그런게 아니더라도 프레스티지 스킨은 다른 스킨들처럼 기본적으로 재공해주는 무료재화로 구매도 불가능한데 유스티아 스킨은 좀 다양했던 것 같은데 그 다음부터 점점 뭔가 별로 특별한 것도 없고 오히려 기본 스킨들의 상호작용이 더 다양해서 점점 이걸 굳이 사야될까하는 생각이 듭니다.(물론 저는 다 살 것 같지만) 아무튼 계속 다양한 업데이트도 추가되어서 재밌는 게임개발을 위해 노력하시는 모습이 보이는 게임이라 시간될 때마다 들어가서 한번씩 계속 할 것 같은 괜찮은 게임인 것 같습니다.,밸런스,긍정,"전략 요소가 강하고 게임이 재미있음, 다만 프레스티지 스킨의 상호작용이 부족함","전략, 프레스티지 스킨",3
2026-01-29,browndust2,전략RPG,d58406b3-d8f3-40bf-8254-e27d3c303a65,1,샤걀 크래시 좀 작작나세요 진짜; 뭔 게임이 뭐만하면 크래시나고 복구도 안되고 재설치해야만 정상 동작됨? 이마저도 크래시 한번나면 또 재설치해야하고 ㅡㅡ 용량도 큰데 재설치를 계속 해야겠습니까?,서버,부정,"게임이 자주 크래시남, 복구도 안되고 재설치해야함","크래시, 복구, 재설치",5
2026-01-12,browndust2,전략RPG,caf1b580-0ea2-4244-b511-c390b99704c8,5,진작 이럴 것이지....,운영,긍정,게임을 잘 해주길 바람,"게임, 운영",3
2026-01-13,browndust2,전략RPG,29905a46-7931-4634-bbd8-1c8d5e659d04,5,이번 라방으로 다시한번 믿을수 있게된것같습니다. 좋아하는게임 더 잘될수있도록 부탁드립니다.,운영,긍정,개발사의 운영 방식에 대한 믿음이 생긴 리뷰입니다.,"相信, 운영",3
2026-01-18,browndust2,전략RPG,7c5bccc6-8d0a-425a-a609-3f658cc07016,5,힘내라 쁘, 운영,긍정,"게임을 응원하는 リ뷰로, 내용이 없음",,1
2026-01-16,browndust2,전략RPG,5c60a2e6-131d-498a-992a-78df94f98daa,5,아직 할만하고 일러스트도 예쁘고 좋네요 앞으로도 응원합니다,BM,긍정,게임을 긍정적으로 평가,"일러스트, 게임",1
2026-01-17,browndust2,전략RPG,8f57dc0d-9b9a-45af-8ab8-906d2048fda4,1,뽑기도 많이주고 재화도 많이 주는거는 가챠겜중 최상위권이라고 생각하는데 그럼뭐하나 게임이 재미가 없다. 그냥 일러보는 야겜인데 '야'쪽만 신경쓰는 '야'겜. 전략이라고는 버프떡칠 + 딜러딸깍 이면 끝인데 이건 다른 턴제겜도 비슷하니까 넘어간다고 치더라도 스킬모션은 못참겠다. 옛날캐릭들은 그나마 좀 괜찮은데 요즘은 캐릭터의 특성이나 무기와는 전혀 관련없는 뜬금없이 X스 어필만 해대는 스킬모션에 전투하면서 보는 맛이 있나? 다른 쪽으로는 있겠다만은 그래도 사람들 검열소식에 열광하는 모습을 보니 그걸 위해 하는 게임같기는 하다.,강화,부정,"게임이 재미가 없고, 스킬모션이 너무 야해 보인다는 리뷰입니다. 가챠 게임 중에서 최상위권이라고 생각하지만, 전투 방식이 너무 단순하고, 캐릭터의 스킬 모션이 관련없어 보입니다.","가ちゃ, 스킬모션, 야한ゲーム",4
2026-01-24,browndust2,전략RPG,319d2289-5c81-4d02-ab98-886aa5d81a6c,5,잼나게 하고 있어요,BM,긍정,게임을 재미있게 하고 있음,"재미, 게임",1
2026-01-12,browndust2,전략RPG,80a04bef-2cd3-49a1-90bb-963722bc82cc,5,하면 잘하는 놈들이..,BM, 긍정,잘하는 것이 보인다는 리뷰입니다.,"잘함, 보임",1
2026-01-12,browndust2,전략RPG,1ceb0739-f233-4fc1-8a72-fa1a220c2e2f,5,망했다가 정상화,서버,긍정,망했다가 정상화되었습니다.,"망했다, 정상화",1
2026-01-12,browndust2,전략RPG,7e5c2c25-27bf-4d35-a975-730e027f0edc,4,검열 이슈때문에 별점1점했다가 수정함 검열철회는 좋지만 앞으로 이런일이 일어날까하는 의심이 남는다는게 매우 아쉬움 그래도 가슴은 이쁨 쁘,강화,중립,검열 철회는 좋지만 앞으로 이런 일이 일어날까하는 의심이 남아 아쉽습니다.,"검열, 철회, 의심",3
2026-01-27,browndust2,전략RPG,8ff6918a-b3b1-4ea4-a27c-61a1152859e2,1,스토리+설정 전체삭제기원,스토리,부정,게임의 스토리와 설정이 마음에 들지 않는다.,"스토리, 설정",3
2026-01-16,browndust2,전략RPG,12809c2b-71de-411c-93d8-c459d3d03411,1,진짜 게임 ui 개판이고 지저분해서 못하겠다,UI,부정,게임 UI가 개판이고 지저분해서 게임을 플레이하지 못한다.,"UI, 개판, 지저분",4
2026-01-12,browndust2,전략RPG,fd83b6e1-e137-49b1-8a11-5a2ccdaea2e6,5,방송 잘 봤습니다. 제발 잘 운영해 주세요ㅜ 2.5 유입인데,운영,긍정,"방송을 잘 봤고, 게임을 잘 운영해주길 바람","방송, 운영, 유입",4
2026-01-13,browndust2,전략RPG,0b4da1db-cfbc-445e-b1a1-b5a94f7d7f3e,4,잘합시다 제발,,,,,0
2026-01-17,browndust2,전략RPG,8af268ec-35bf-40f8-aacd-f34075aba3b0,4,유저들 생각좀 해줘,운영,부정,유저들의 생각을 더 많이 고려해주었으면好的 리뷰입니다. 유저들의 목소리에 더 귀를 기울여야한다는 의미입니다.,"유저, 운영",4
2026-01-12,browndust2,전략RPG,1c7e4a72-b56b-4e76-94be-e627d099d338,5,주니야 잘했다,,,,,0
2026-01-14,browndust2,전략RPG,87581595-5b4c-4c11-b7e2-d89db2ebf0af,5,이번 사건으로 이미 신뢰를 잃기 시작. 에서 다시 무한 신뢰.,운영,긍정,"신뢰를 잃어갔지만, 다시 신뢰를 얻게 되었다.","신뢰, 복귀",4
2026-01-13,browndust2,전략RPG,f0c9bdc5-5361-4122-8ac5-dc5cd46d1bf0,1,검열을 하면 하는 이유가 없죠,,,,,0
2026-01-12,browndust2,전략RPG,25f6d9ab-682c-49a6-bf08-1d02e8b6f90f,5,화이팅,운영,긍정,게임을 화이팅이라고 독려하는 리뷰입니다.,"화이팅, 독려",1
2026-01-12,browndust2,전략RPG,37f9de3b-18f6-4a56-9c2a-2b5d89108468,3,초심만 찾지 말아다오,운영,중립,초심을 찾으라고 함,"초심, 운영",3
2026-01-16,browndust2,전략RPG,157db554-621a-486a-b022-1b708e9b3cef,5,잘하자,BM,긍정,게임을 긍정적으로 평가,게임,1
2026-01-16,browndust2,전략RPG,bb11cc4d-7656-41f8-a05f-a3ab8e046226,1,가슴벅찬 게임은 맞지ㅋㅋㅋㅋ 썩어도 서브컬쳐계에 오래 있으면 검열이란 단어가 얼마나 무거운걸 알텐데 강행하려다 전서버적 반대가 거세니까 내리는게 개추함 신뢰를 아주 바닥으로 꽃았음 서브컬쳐 스토리를 얕보는게임 시대가 어느때인데 낡은 커플링을 아직도 하는거보면 답나옴 사실 스토리까지 갈거도없음 피시판은 최신 오픈월드 게임 풀사양이랑 렘을 동급으로 먹음 해외이벤트 건하고 쓸게 개많은데 이거까지만 적는다 남은분들은 즐겁게 하시길,服务器,부정,서브컬쳐계에서 검열이란 단어가 얼마나 무거운지 알고 있으면서 강행하려다 전서버적 반대가 거세니까 내리는게 개추함이라는 리뷰입니다.,"검열, 서브컬쳐",5
2026-01-15,browndust2,전략RPG,189c0433-9c09-48b7-b9e5-0c7f21d9f77d,5,예 재밌습니다,BM,긍정,게임이 재미있음,"재미, 좋은 게임",1
2026-01-16,browndust2,전략RPG,9df4f151-91e5-46e2-9cd0-80b0d6b6a386,5,갓갓갓,BM,중립,리뷰가 極히 짧다.,,1
2026-01-26,browndust2,전략RPG,6101916d-7931-42ac-8aa8-cce125744f7f,1,그냥 컨텐츠 자체가 부족함 할게없음 지금은 접은상태 3주정도 해봤는데 첨에 30정도 지르고 시작했음 뽑기할때 잠깐 도파민 끝 메인도 노잼이고 이벤도 비슷한거 반복이고 라이트유저가 숙제느낌으로 하기엔 괜찮을수도 있을듯 수집좋아하고 같은장면 계속 돌려보는거 좋아하시는분들은 좋아할듯?,컨텐츠,부정,"컨텐츠가 부족하고, 게임이 노잼이라고 생각한다.","컨텐츠, 노잼",4
2026-01-16,browndust2,전략RPG,5a85b200-5bc7-45fc-b02b-88b5926613bc,1,이번 신규 픽업은 확률을 절대 건드린 게 맞다. 500뽑 했는데 겨우 하나 나온 건 말이 안 된다. 개발사가 일부 유저 풀만 확률 낮춰서 불만 표시하는 것 같다. 진짜 역겹다.,강화,부정,신규 픽업의 확률이 낮.DataTable:///Users/user/Desktop/data에 일부 유저 풀만 확률 낮춰서 불만 표시하는 것 같다.,"픽업, 확률",5
2026-02-27,browndust2,전략RPG,5be6fa7d-f359-4cbb-96d2-be745fbcaa5f,5,재밌게 잘 합니다 ㅎㅎ,_,_,,,1
2026-01-17,browndust2,전략RPG,d4bcc41f-98ed-4d4f-9abd-1c8865138019,5,그래도 쁘더만한게임이 없다,BM,긍정,게임이 좋다. 다른 게임과 비교해서,"게임, 비교",2
2026-01-15,browndust2,전략RPG,18faad12-fba6-40fd-85d7-09e4ebf7acf0,4,머리아프다,밸런스,부정,게임이 머리아픔,"머리아픔, 게임",3
2026-01-20,browndust2,전략RPG,34caa0ca-d806-4989-bdc0-19ae0788b8cd,4,재밌음,BM,긍정,유저가 게임을 즐기고 있다.,"게임, 재미",1
2026-01-15,browndust2,전략RPG,ee19c572-eafe-4a55-9ea6-529fe91658d1,3,2.14.12에서 13으로 업데이트하라면서 업데이트도 없고 플레이만뜨면 어쩌란건지 모르겠네,서버,부정,업데이트가 없어서 플레이에 문제가 있다,"업데이트, 플레이",5
2026-01-12,browndust2,전략RPG,728c14d6-ea85-4d68-9fc6-e0e4b6d44c03,2,하는거 볼게요,,,,,0
2026-01-15,browndust2,전략RPG,8fddd1e4-1508-4c1d-9cca-b57ffead8d3f,5,신사의 게임 그 자체,BM,긍정,게임이 매우好음,"신사의 게임, tốt",1
2026-01-29,browndust2,전략RPG,035cce22-82ca-42ac-aa7a-961790884a3c,4,재밋어요,운영,긍정,게임이 재미있음,재미,2
2026-01-15,browndust2,전략RPG,bdcc5520-c5b9-40a7-a17a-b5baa513d9a7,5,굿,BM,긍정,게임이 좋음,"좋은 게임, 굿",1
2026-01-16,browndust2,전략RPG,faa94ddf-152a-4766-b9d7-d4e44853ab53,5,턴제 게임을 별로 안좋아하지만 스토리랑 캐릭터들이 너무 매력(?) 이라서 계속 하게 되는 게임ㅋㅋ,BM,긍정,게임의 매력과 특징,"스토리, 캐릭터, 전투",1
2026-01-26,browndust2,전략RPG,4af1c2c7-bc99-4e8f-9d6d-7eab286ee864,5,이번 같은 사태는 앞으로 안일어나면 좋겠습니다 좀 더 분발해주세요,운영,긍정,게임의 사태가 앞으로 안 일어나면 좋겠다고 생각한다.,"사태, 운영",2
2026-01-16,browndust2,전략RPG,5a345f1a-a120-400c-bc55-b421028c4b2a,5,자체검열이라니...,운영,중립,자체검열에 대한 생각을 나타낸다.,자체검열,2
2026-01-13,browndust2,전략RPG,d1fed325-ef55-48ea-85ff-99dc8b4899f1,5,👍,BM,중립,리뷰어의 의견이 부족한 리뷰입니다.,,1
2026-01-12,browndust2,전략RPG,e80dd0e3-f552-4005-8e6c-cec2628fecc2,5,이번 대처는 그래도 놀라울정도로 깔끔했다고 셍각합니다 같은 실수를 반복하지는 않으시길 바라며 평가를 수정하겠습니다,밸런스,긍정,대처가 잘 된 것 같아 평가를 수정합니다. 같은 실수를 반복하지 않길 바랍니다.,"대처, 실수, 수정",4
2026-01-13,browndust2,전략RPG,5f75fcfe-7d95-407a-8c76-c719e02de744,5,ㄹㅇ 소통 갓겜 19금 게임 중 당연 원탑이고 서브컬쳐 좋아하는 남자라면 무조건 추천드리는 갓겜입니다. 유저들하고 이렇게 소통이 원활한 게임은 처음입니다.,운영,긍정,"소통이 원활한 게임으로, 당연히 원탑이다.","소통, 원탑",1
2026-01-25,browndust2,전략RPG,2c328b00-be1c-441b-88d7-62fc8167083e,5,성인이면 말해뭐함,BM,긍정,성인 유저에게 게임이 적절하다고 생각함,"성인, 게임",1
2026-01-12,browndust2,전략RPG,22683d59-c5c9-4af4-8f3a-abb5d69cb674,5,응 다시복귀,운영,긍정,게임에 다시 돌아오겠다는 리뷰입니다. 사용자는 게임이 좋아서 다시 시작하려고 합니다.,"게임, 다시 시작",2
2026-01-12,browndust2,전략RPG,4d5cd885-f6a5-4bbc-b3b5-cd6a2a3a28a9,5,이번 사건으로 바뀌었으면 좋겠습니다,운영,중립,게임회사가 앞으로 어떻게 변할지에 대한 리뷰입니다. 사용자는 게임회사의未来를 기대하고 있습니다.,"게임,未来, 기대",2
2026-01-14,browndust2,전략RPG,0379c9b2-afa2-4f62-9869-7d8de542339e,5,찐빠가 일상인 게임 통수가 얼얼한 게임-------------------- (긴급 라이브 보고 수정) 한 번만 더 믿어봄,강화,긍정,"게임의 통수가 얼얼하지만, 다시 한 번 더 믿어본다.","통수, 믿음",4
2026-01-13,browndust2,전략RPG,7c4cd8d7-0c19-4fbb-85d2-728c52477929,5,그래 잘하자,,,,,0
2026-01-16,browndust2,전략RPG,f0cb0ea3-63e4-4d15-8590-30b0617d7274,5,꼴잘알,BM,중립,리뷰가 極히 짧다.,,1
2026-01-15,browndust2,전략RPG,1f234f3b-4454-408f-b43f-2482a423b064,5,턴제rpg 스타일이 개인적으로 괜찮고 19금 천박하고 예쁜 캐릭터들의 일러스트와 컷신은 최고라고 생각합니다.,BM,긍정,"턴제 RPG 스타일과 일러스트, 컷신이 마음에 듭니다.","턴제, RPG, 일러스트, 컷신",2
2026-01-13,browndust2,전략RPG,c42d2da3-69d7-466c-ae25-8c45a2083f3e,5,살려줘,운영,부정,게임의 문제점에 대한 리뷰입니다.,"살려줘, 운영",5
2026-01-23,browndust2,전략RPG,1788e780-6e30-4acb-a3c7-cddc441f2aba,1,검열,운영,부정,검열로 인해 불편함을 겪고 있는 리뷰입니다.,검열,4
2026-01-12,browndust2,전략RPG,cc87c5b2-3fcd-4eb4-a56b-4c9d4bef83ab,4,일단 계속 지켜보긴 할 듯,운영,중립,계속 지켜보겠습니다.,"지켜보기, 운영",2
2026-01-28,browndust2,전략RPG,1efeb6d8-c665-4362-a093-bf4589cc8fa0,1,"음.... 소과금으로도 즐기기 좋다는 홍보를 보고 시작해보려고 다운받았다가, 최근 작성된 리뷰를 읽어보고 그대로 다시 어플 삭제하고 나갑니다. 애초에 시작할 가치가 없는 유저 무시 운영을 하고 계시네요.",운영,부정,"소과금 유저를 무시하는 운영 방식에 불만을 가지고 있으며, 리뷰를 보고 다시 게임을 삭제하였다.","소과금, 운영, 유저 무시",5
2026-01-13,browndust2,전략RPG,4b14e02e-f6c4-4e57-8806-deb1f3526d1e,5,하 이번만입니다..,,,,,0
2026-01-17,browndust2,전략RPG,cc64d251-6091-435e-b9f8-e224cabf8b0e,5,과하지 않게 적당히 자극적이고 재밌네요.,BM,긍정,게임이 적당히 자극적이고 재밌다는 리뷰입니다. 과하지 않게 즐길 수 있는 게임이라고 합니다.,"자극적, 재미",2
2026-01-12,browndust2,전략RPG,b52495e1-6da0-40df-90be-f93c6c07e5ab,5,잘하자 형,운영,긍정,게임이 잘 될 것이라는 응원의 리뷰입니다. 사용자는 게임회사가 노력하는 것을 보고 싶어합니다.,"응원, 게임, 노력",3
2026-01-14,browndust2,전략RPG,9f20cf06-dadf-4a27-b7cf-bd65f1d80639,5,라방 잘봤습니다. 검열 없이 화이팅이요,운영,긍정,"라방을 잘 봤으며, 검열 없이 화이팅을 바란다.","라방, 검열",1
2026-01-15,browndust2,전략RPG,3fd17bc9-9521-4a12-91e8-c1a076bce1ef,2,전에 작성했던 5점 리뷰는 삭제하고 철회. 거짓말만 늘어놓는 검열 게임을 하려고 여기에 수백만원을 쓴게 아니다.,서버,부정,전에 작성했던 5점 리뷰는 삭제하고 철회. 거짓말만 늘어놓는 검열 게임을 하려고 여기에 수백만원을 쓴게 아니다라는 리뷰입니다.,"검열, 거짓말",5
